region,site,date,ph,do,bod,cod,ss,tn,tp,temp,ec,t.coli,nh3,no3,po4,f.coli,landuse
광주_황룡강합류전,광주천2,2001-03-05,6.9,10.9,3.4,7.2,3.6,8.443,0.394,7,335,14000,0.286,7.739,0.272,6000,Agriculture
광주_황룡강합류전,광주천2,2001-06-12,7.8,9.8,17.3,15.1,31.5,10.081,3.132,28,600,6200,7.955,8.067,1.67,2900,Agriculture
광주_황룡강합류전,광주천2,2001-09-03,9.1,15.6,16.1,11.8,19.5,4.223,0.684,30,320,2400,0.025,1.644,0.524,80,Agriculture
광주_황룡강합류전,광주천2,2001-12-03,7.5,9.2,14.7,7.6,22,8.886,0.298,12,550,1300,2.123,3.543,0.261,660,Agriculture
광주_황룡강합류전,광주천2,2002-03-04,9,15.5,9.2,5.7,26,5.215,0.042,13,290,9500,1.724,2.144,0.038,480,Agriculture
광주_황룡강합류전,광주천2,2002-06-05,8.1,10.1,10,4.9,19.5,6.822,0.262,22,270,68000,0.921,5.943,0.219,6600,Agriculture
광주_황룡강합류전,광주천2,2002-09-09,7.4,4.4,11.5,6.3,18.4,6.456,0.332,27,390,7500,0.583,5.227,0.151,2400,Agriculture
광주_황룡강합류전,광주천2,2002-12-09,8,11,10.7,10.9,22.4,7.044,0.255,6,390,36000,1.984,2.096,0.221,18000,Agriculture
광주_황룡강합류전,광주천2,2003-03-12,6.9,9.3,3.9,7.4,6,3.477,0.153,10,209,1600,0.641,2.05,0.1,6200,Agriculture
광주_황룡강합류전,광주천2,2003-05-07,7.8,5.3,16,15.3,17.6,6.396,0.392,20,680,3000,1.068,4.681,0,2000,Agriculture
광주_황룡강합류전,광주천2,2003-06-04,8.1,8.4,3.9,8.7,9.6,7.398,0.158,24,276,4600,1.784,4.524,0.113,2000,Agriculture
광주_황룡강합류전,광주천2,2003-09-01,7.2,5.7,5,4.8,5,3.252,0.391,25,265,6600,0.714,2.461,0.205,2400,Agriculture
광주_황룡강합류전,광주천2,2003-10-07,8,6.2,4.7,6,14.5,7.782,0.532,20,496,12000,0.828,3.316,0.205,2800,Agriculture
광주_황룡강합류전,광주천2,2003-11-03,8.9,13.8,6.4,5.8,25.3,8.694,0.538,18,401,15000,0.278,0.89,0.205,3400,Agriculture
광주_황룡강합류전,광주천2,2003-12-03,8.6,13.2,6.7,7.7,10.8,8.97,0.41,13,491,6800,1.502,2.145,0.331,2700,Agriculture
광주_황룡강합류전,광주천2,2004-03-02,7.2,11.2,3.2,3.9,9.6,5.244,1.049,7,343,10000,1,3.336,0.169,3800,Agriculture
광주_황룡강합류전,광주천2,2004-03-18,6.9,10,10.4,9.6,16,15.9,1.063,6.5,509,6000,5.284,2.934,0.781,2500,Agriculture
광주_황룡강합류전,광주천2,2004-04-09,9.2,7.8,19.7,8.7,24.4,11.148,0.336,18,426,5000,0.008,1.022,0.27,1300,Agriculture
광주_황룡강합류전,광주천2,2004-04-17,9.4,10,11.2,8.5,27.3,5.544,0.365,8,423,7000,0.437,2.339,0.302,1000,Agriculture
광주_황룡강합류전,광주천2,2004-05-12,8.1,8.7,18.9,5.6,23.3,14.316,1.075,20.3,218,12000,0.1,5.423,0.321,8300,Agriculture
광주_황룡강합류전,광주천2,2004-06-02,6.4,8.2,7.4,7.5,16.7,6.12,0.49,27,322,14000,0.17,0.996,0.387,2800,Agriculture
광주_황룡강합류전,광주천2,2004-07-01,9,15.5,17.4,8.2,36.4,4.08,0.371,29.5,327,3200,0.156,0.789,0.326,800,Agriculture
광주_황룡강합류전,광주천2,2004-07-30,7.4,2.9,13.7,6.8,62.4,5.19,0.612,34,249,4800,0.187,4.885,0.569,3000,Agriculture
광주_황룡강합류전,광주천2,2004-09-02,7.5,3,16.5,7,22.4,5.208,0.493,26.5,522,2200,1.5,0.381,0.473,900,Agriculture
광주_황룡강합류전,광주천2,2004-10-11,7.5,8.6,13.8,7,14,16.908,1.634,21.5,568,14000,3.335,9.351,1.128,6400,Agriculture
광주_황룡강합류전,광주천2,2004-10-27,7.4,7.7,6,6.1,5.2,9.18,0.682,18,522,4600,1.03,6.723,0.556,3000,Agriculture
광주_황룡강합류전,광주천2,2004-12-14,7.7,7.9,6.6,6.6,1.2,20.556,0.102,12,487,4600,0.033,1.429,0.556,3000,Agriculture
광주_황룡강합류전,광주천2,2005-01-25,7.8,13.4,6.6,8.3,6.4,15.396,1.163,6.6,503,3800,3.85,3.845,0.402,1100,Agriculture
광주_황룡강합류전,광주천2,2005-02-03,7.5,14.4,9.1,8,1.6,16.248,0.546,4,557,5400,0.028,4.309,0.7,2500,Agriculture
광주_황룡강합류전,광주천2,2005-03-14,8.2,13.3,10.9,9.1,4.4,9.144,0.622,9,461,6200,1.6,0.894,0.366,3500,Agriculture
광주_황룡강합류전,광주천2,2005-04-06,7.4,11.3,12.1,9.5,25.2,8.208,0.491,12,376,7000,4.75,2.522,0.156,2500,Agriculture
광주_황룡강합류전,광주천2,2005-04-26,9.4,20.9,19.3,8.3,20.4,5.316,0.499,24.5,312,6600,3.13,2.161,0.034,4100,Agriculture
광주_황룡강합류전,광주천2,2005-06-14,7.7,5.1,14.8,8.6,18.4,5.916,0.947,20.5,186,5600,0.03,5.854,0.713,2400,Agriculture
광주_황룡강합류전,광주천2,2005-06-27,7.4,4.1,4.1,8.8,6.4,7.956,0.9,26.3,479,820,0.07,2.678,0.425,190,Agriculture
광주_황룡강합류전,광주천2,2005-08-08,7,5.1,18.4,6.1,71.6,7.032,0.768,30.3,471,810,0.058,2.42,0.497,170,Agriculture
광주_황룡강합류전,광주천2,2005-08-29,8.4,8.2,9,7.3,26.8,8.988,0.103,28,220,800,0.099,2.131,0.06,2800,Agriculture
광주_황룡강합류전,광주천2,2005-10-13,9.1,8.3,12.4,5.4,30.4,8.76,0.638,23.8,507,10000,0.156,5.243,0.236,5000,Agriculture
광주_황룡강합류전,광주천2,2005-11-03,9.1,11.5,9,4.5,12,5.364,0.206,18.2,159,3100,0.044,2.493,0.191,2100,Agriculture
광주_황룡강합류전,광주천2,2005-12-08,7.6,7.5,10,5.3,2.8,6.792,0.474,6.5,215,3000,0.961,2.6,0.354,1800,Agriculture
광주_황룡강합류전,광주천2,2006-01-03,7.8,11.5,6.9,4.5,8,10.5,0.318,3.8,857,2000,0.06,5.864,0.246,1500,Agriculture
광주_황룡강합류전,광주천2,2006-01-25,7.5,10.3,9.7,3.6,9.6,6.408,0.457,5.3,394,3000,0.071,5.815,0.379,1800,Agriculture
광주_황룡강합류전,광주천2,2006-02-22,7.8,11.2,14.8,4.6,19.6,9.552,0.518,4,733,3000,0.033,7.087,0.389,1800,Agriculture
광주_황룡강합류전,광주천2,2006-03-27,8.6,9.9,12.7,6.1,12.4,8.118,0.317,16.1,161,2500,0.016,0.302,0.098,1500,Agriculture
광주_황룡강합류전,광주천2,2006-05-02,8.2,9.9,20.8,6.5,17.6,4.344,0.492,21.3,128,2800,0.032,3.597,0.329,530,Agriculture
광주_황룡강합류전,광주천2,2006-06-21,8.1,4.4,20.7,10.6,18.4,12.648,1.013,27.1,472,2400,0.02,1.259,0.836,450,Agriculture
광주_황룡강합류전,광주천2,2006-06-27,7.4,6.2,15.5,4.2,16,13.536,0.979,21.5,403,2560,0.013,10.299,0.852,1205,Agriculture
광주_황룡강합류전,광주천2,2006-08-11,9,12.2,28.5,9,50.8,12.108,0.886,32,351,145200,0.028,0.238,0.512,5300,Agriculture
광주_황룡강합류전,광주천2,2006-08-24,7.5,3,10,5.2,19.6,5.456,0.621,29,302,240000,0.002,4.208,0.47,19000,Agriculture
광주_황룡강합류전,광주천2,2006-09-22,8.2,8.1,14.9,7.3,20,3.601,0.234,24,230,58000,1.081,1.808,0.117,3400,Agriculture
광주_황룡강합류전,광주천2,2006-10-24,7.3,1.2,16.7,8.7,11.2,12.49,0.753,23,312,34000,0.007,1.808,0.007,4400,Agriculture
광주_황룡강합류전,광주천2,2006-12-14,7.8,6.8,5.2,4,8.4,5.461,0.337,8.2,248,34000,0,1.439,0.079,3600,Agriculture
광주_황룡강합류전,광주천2,2007-01-09,8.4,12.4,4.1,5.7,18,4.67,0.233,6,275,4500,0.497,2.92,0.119,1200,Agriculture
광주_황룡강합류전,광주천2,2007-02-13,7.9,9.4,20.3,7.9,22,7.339,0.482,9,289,13000,1.447,3.571,0.308,1400,Agriculture
광주_황룡강합류전,풍영정천,2007-03-08,7.6,7.9,2.3,3.5,171,3.327,0.097,7,219,50000,0.148,2.299,0,5000,Agriculture
광주_황룡강합류전,광주천2,2007-03-13,8.2,8,6.9,3.7,24,5.381,0.375,13,221,62000,0.032,5.224,0.276,2100,Agriculture
광주_황룡강합류전,풍영정천,2007-04-04,7.8,6.9,2.9,3.1,66,3.315,0.152,12,224,80000,0.194,1.986,0.115,8000,Agriculture
광주_황룡강합류전,광주천2,2007-04-05,7.8,9.5,9.7,10.2,25.6,5.304,0.431,14,282,4700,0.38,4.694,0.168,1100,Agriculture
광주_황룡강합류전,풍영정천,2007-05-03,8,6.7,5.9,6.7,28,3.828,0.175,18,223,50000,0.51,1.231,0.188,3000,Agriculture
광주_황룡강합류전,광주천2,2007-05-04,7.5,3.5,11.7,15.4,18,5.915,0.443,20,370,1000,2.957,0.809,0.194,1100,Agriculture
광주_황룡강합류전,광주천2,2007-06-07,9.3,13.8,15.9,11.6,73,2.858,0.317,26,306,74000,0.018,1.466,0.184,2700,Agriculture
광주_황룡강합류전,풍영정천,2007-06-07,7.7,5.2,4.9,9.6,76.5,3.512,0.185,23,199,30000,0.793,1.109,0.115,8000,Agriculture
광주_황룡강합류전,풍영정천,2007-07-06,7.5,6.7,3.4,4,117.3,7.012,0.369,24,281,30000,0.045,5.872,0,11000,Agriculture
광주_황룡강합류전,광주천2,2007-07-12,8.2,6.5,8.2,4,10.8,7.699,0.546,27,342,72000,0.014,1.637,0.315,6100,Agriculture
광주_황룡강합류전,풍영정천,2007-08-07,7.6,7.5,2.9,5,206,3.251,0.136,26,173,50000,0.014,1.325,0,50000,Agriculture
광주_황룡강합류전,광주천2,2007-08-16,7.7,4.9,6.7,6.2,5.2,6.238,0.463,28,228,81000,0.017,2.11,0.4,380,Agriculture
광주_황룡강합류전,광주천2,2007-08-23,7.9,2.1,9.4,10.4,4.4,9.405,0.878,31,313,94000,0.077,9.233,0.356,13000,Agriculture
광주_황룡강합류전,풍영정천,2007-09-11,7.7,7.3,4.1,3.6,50,2.752,0.084,22,155,50000,0.224,2.314,0,5000,Agriculture
광주_황룡강합류전,풍영정천,2007-10-09,8,8.1,3,5.2,26,2.402,0.099,18,154,300000,0.102,1.489,0,50000,Agriculture
광주_황룡강합류전,광주천2,2007-10-12,7.5,5.7,3.1,5.2,7.2,3.501,0.348,20,200,11000,0.584,2.423,0.264,900,Agriculture
광주_황룡강합류전,풍영정천,2007-11-06,8.1,9.5,3.6,6.4,19.6,3.287,0.119,15,183,80000,0.712,1.413,0,5000,Agriculture
광주_황룡강합류전,광주천2,2007-11-07,6.7,10.2,2.2,6,3.2,3.908,0.309,14,212,1300,0.015,3.792,0.262,220,Agriculture
광주_황룡강합류전,광주천2,2007-12-05,7.6,9.1,8,6,13.2,0.627,0.035,8,372,800,0.071,0.206,0.021,30,Agriculture
광주_황룡강합류전,풍영정천,2007-12-07,8.1,8.8,4.4,4.5,34,3.287,0.127,7,196,30000,1.152,1.515,0,8000,Agriculture
광주_황룡강합류전,광주천2,2008-01-10,7.5,9.1,4.5,9,8.4,5.866,0.42,7,221,7600,0.311,3.575,0.313,0,Agriculture
광주_황룡강합류전,풍영정천,2008-01-10,8.1,8.9,4.9,5.6,15.5,2.564,0.05,7,178,5000,0.774,2.405,0,3000,Agriculture
광주_황룡강합류전,풍영정천,2008-02-12,7.4,9.6,3.9,4.7,46.5,3.974,0.324,4,190,14000,0.548,1.814,0,7000,Agriculture
광주_황룡강합류전,광주천2,2008-02-22,8.4,15.2,9.9,9.8,2,7.318,0.33,7,333,18000,0.17,0.206,0.264,8600,Agriculture
광주_황룡강합류전,풍영정천,2008-03-10,7.6,8.9,5.9,4.2,18.8,3.314,0.156,12,233,24000,1.278,1.199,0,1700,Agriculture
광주_황룡강합류전,광주천2,2008-03-19,8.9,13.6,23.9,18.2,29.2,9.768,0.624,15,363,2600,1.164,2.132,0.356,10,Agriculture
광주_황룡강합류전,풍영정천,2008-04-04,8.2,9.1,2.7,9,9,3.129,0.223,22,235,30000,1.108,0.73,0.126,24000,Agriculture
광주_황룡강합류전,풍영정천,2008-04-04,7.9,7.4,9,5.6,16,3.734,0.257,12,322,80000,1.981,0.752,0,13000,Agriculture
광주_황룡강합류전,광주천2,2008-04-21,8.5,8,13.4,14.2,52,4.76,0.4,18,360,1600,0.59,1.887,0.15,0,Agriculture
광주_황룡강합류전,광주천2,2008-05-06,7.2,4.2,12.7,15.7,132,6.154,0.744,21,260,53000,2.897,0.186,0.209,0,Agriculture
광주_황룡강합류전,광주천2,2008-06-02,7.9,9.4,6,7.9,41.2,4.203,0.289,24,234,240000,0.215,2.547,0.203,120,Agriculture
광주_황룡강합류전,풍영정천,2008-06-02,8.1,8.6,1.5,4.1,19,1.002,0.131,25,154,79000,0.027,0.402,0,11000,Agriculture
광주_황룡강합류전,풍영정천,2008-06-02,8,7.7,6,6.3,28,2.347,0.087,22,188,50000,0,0.826,0,13000,Agriculture
광주_황룡강합류전,광주천2,2008-07-01,8,5.6,1.5,4.1,6.8,2.162,0.127,22,133,88000,0.078,1.841,0.107,0,Agriculture
광주_황룡강합류전,풍영정천,2008-07-02,7.2,7.1,2.8,4,5,2.514,0.082,22,163,24000,0.019,1.169,0,8000,Agriculture
광주_황룡강합류전,광주천2,2008-08-06,9.3,8.1,6.8,14.2,20.8,1.979,0.461,31,279,28000,0.179,0.691,0.115,0,Agriculture
광주_황룡강합류전,풍영정천,2008-08-06,7.9,8.3,2.2,3.1,6,1.142,0.11,26,152,130000,0.277,0.267,0,4900,Agriculture
광주_황룡강합류전,광주천2,2008-09-03,9,13.7,13.2,14.1,22,4.48,0.548,29,356,76000,0.007,0.369,0.448,150,Agriculture
광주_황룡강합류전,풍영정천,2008-10-02,8.1,7.7,6.1,4.3,3,3.03,0.202,22,207,490000,0.143,2.606,0.162,79000,Agriculture
광주_황룡강합류전,광주천2,2008-10-08,7.8,5.1,8.8,11.4,17.2,7.55,1.144,20,370,56000,3.532,1.001,0.512,980,Agriculture
광주_황룡강합류전,풍영정천,2008-11-04,8.1,8.4,5.2,4.3,16.5,2.074,0.163,14,207,79000,0.27,0.99,0,4900,Agriculture
광주_황룡강합류전,광주천2,2008-11-05,8.7,9.3,4.2,6.8,23.2,4.276,0.313,16,439,1000,0.56,2.889,0.301,180,Agriculture
광주_황룡강합류전,풍영정천,2008-12-02,7.5,10.2,4,3.8,15.5,2.18,0.132,9,242,79000,1.524,1.12,0,1300,Agriculture
광주_황룡강합류전,광주천2,2008-12-03,9.3,14.5,5.9,7.5,24.4,3.347,0.343,11,427,200,0.217,2.748,0.201,0,Agriculture
광주_황룡강합류전,풍영정천,2008-10-02,7.7,8.9,5.1,4.1,38.5,4.096,0.085,3,221,24000,0.873,0.012,0.032,1100,Agriculture
광주_황룡강합류전,광주천2,2009-01-07,8.8,16.7,4.9,6.8,10,5.628,0.498,7,438,3200,0.281,0.063,0.424,36,Agriculture
광주_황룡강합류전,풍영정천,2009-02-05,7.8,10.5,4.8,6,26,2.907,0.242,6,270,24000,1.545,1.05,0.058,1100,Agriculture
광주_황룡강합류전,광주천2,2009-02-11,8.9,14.2,7.1,8,9.6,7.524,0.298,8,512,9800,2.264,4.096,0.278,170,Agriculture
광주_황룡강합류전,광주천2,2009-03-06,7.8,6.1,16,8.6,26.4,5.59,0.511,11,443,110000,0.004,1.817,0.332,9700,Agriculture
광주_황룡강합류전,풍영정천,2009-03-09,7.7,9.1,3.2,3.5,60,2.033,0.196,9,205,22000,0.373,1.026,0,2100,Agriculture
광주_황룡강합류전,풍영정천,2009-04-03,8.4,8.4,5.2,7.5,20.5,2.619,0.52,11,219,33000,0.054,1.54,0.025,260,Agriculture
광주_황룡강합류전,광주천2,2009-04-07,9.3,12.3,17.1,14.2,30.4,4.857,0.489,18,443,22000,0.538,2.573,0.271,96,Agriculture
광주_황룡강합류전,광주천2,2009-05-06,9.4,5.2,16.6,14.9,40.4,5.898,0.628,23,431,10000,1.412,3.934,0.278,810,Agriculture
광주_황룡강합류전,풍영정천,2009-05-06,9.3,12.1,5.6,5.9,20.5,1.977,0.424,26,288,11000,0.234,0.579,0,1700,Agriculture
광주_황룡강합류전,풍영정천,2009-06-03,8.1,9.1,5.6,8.1,32.5,2.732,0.28,22,224,49000,0.787,1.015,0,3300,Agriculture
광주_황룡강합류전,광주천2,2009-06-08,8.4,15.1,7.5,13.7,28.7,5.37,0.503,25,477,12000,0.026,4.334,0.38,120,Agriculture
광주_황룡강합류전,풍영정천,2009-07-03,8.1,8.7,4,8.2,46,2.76,0.203,24,288,79000,0.337,1.59,0,490,Agriculture
광주_황룡강합류전,광주천2,2009-07-09,7.4,5.4,4.3,6.2,28,6.601,0.239,24,232,130000,1.998,4.529,0.189,4400,Agriculture
광주_황룡강합류전,풍영정천,2009-08-06,8.4,11.3,2.9,5.3,16.5,1.676,0.139,26,208,13000,0.016,0.777,0,330,Agriculture
광주_황룡강합류전,광주천2,2009-08-11,7.7,2.7,5.1,6.2,4.4,4.567,0.427,27,258,92000,0.012,1.669,0.387,0,Agriculture
광주_황룡강합류전,풍영정천,2009-09-03,8.6,10.8,2.1,3.9,13,1.53,0.15,27,271,24000,0.355,0.673,0,170,Agriculture
광주_황룡강합류전,광주천2,2009-09-08,10,13.1,8.3,8.9,15.2,3.441,0.204,30,305,1000,0.018,1.899,0.163,0,Agriculture
광주_황룡강합류전,광주천2,2009-10-06,8,8.5,1.5,6.9,10.8,6.389,0.455,23,689,3000,0.008,3.65,0.403,300,Agriculture
광주_황룡강합류전,풍영정천,2009-10-07,9,16.6,3.5,4.6,18,1.723,0.048,23,251,7900,0.167,1.423,0,1100,Agriculture
광주_황룡강합류전,광주천2,2009-11-03,7.3,10.9,1.5,7.6,6,5.746,0.513,13,740,8100,0.098,4.937,0.502,0,Agriculture
광주_황룡강합류전,풍영정천,2009-11-04,8,9.4,2.8,4.5,3.5,2.515,0.141,12,226,49000,0.168,1.453,0,7000,Agriculture
광주_황룡강합류전,광주천2,2009-12-01,8.2,15,6.5,8.4,10.4,5.393,0.46,9,705,41000,0.718,3.966,0.329,2400,Agriculture
광주_황룡강합류전,광주천2,2010-01-08,7.5,14.8,2.1,6.8,4,7.698,0.494,6,877,2600,0.731,6.284,0.362,53,Agriculture
광주_황룡강합류전,풍영정천,2010-01-11,7.3,10.1,5.1,4.7,14.5,9.691,0.147,4,246,3300,4.95,1.541,0,1300,Agriculture
광주_황룡강합류전,풍영정천,2010-02-02,7.8,10.1,5.7,6.1,8.5,5.279,0.105,6,210,4900,3.292,1.38,0,1300,Agriculture
광주_황룡강합류전,광주천2,2010-02-03,7.2,12.4,5.4,9.3,6,9.304,0.886,6,880,4900,1.361,4.824,0.877,450,Agriculture
광주_황룡강합류전,풍영정천,2010-03-03,7.5,8.1,6.4,6.1,11.5,4.361,0.115,11,325,7000,0.722,1.901,0,490,Agriculture
광주_황룡강합류전,광주천2,2010-03-19,7.6,8.8,4.1,6.7,4.8,4.848,0.44,10,329,5500,0.502,2.794,0.404,3100,Agriculture
광주_황룡강합류전,풍영정천,2010-04-05,8.3,11.6,5.6,3.3,5.5,2.597,0.068,19,272,2400,0.833,1.016,0,490,Agriculture
광주_황룡강합류전,광주천2,2010-04-06,7.5,5.9,3.9,8.6,10,5.138,0.507,16,304,4800,0.329,4.009,0.218,90,Agriculture
광주_황룡강합류전,풍영정천,2010-05-03,8,9.1,6.6,5.3,5,3.632,0.062,24,292,7000,1.714,0.999,0,1700,Agriculture
광주_황룡강합류전,광주천2,2010-05-11,9.4,12.1,6.2,9,44.8,4.839,0.581,22,371,520,0.077,4.435,0.383,26,Agriculture
광주_황룡강합류전,풍영정천,2010-06-03,7.5,6.7,8.1,9.2,13.5,2.778,0.122,25,337,49000,0.856,0.722,0,4900,Agriculture
광주_황룡강합류전,광주천2,2010-06-16,8.2,8.1,9.1,9.5,14.8,4.553,0.231,28,716,2300,0.006,0.06,0.081,260,Agriculture
광주_황룡강합류전,풍영정천,2010-07-07,7.9,8.7,3,6.8,19.5,2.816,0.145,30,364,33000,0.41,1.15,0,13000,Agriculture
광주_황룡강합류전,광주천2,2010-07-21,7.5,5,2.1,5.3,13.6,4.258,0.236,30,311,13000,0.005,3.422,0.11,810,Agriculture
광주_황룡강합류전,풍영정천,2010-08-05,8.6,11.9,3.1,5.4,13,2.472,0.102,31,233,17000,0.534,0.731,0,2700,Agriculture
광주_황룡강합류전,광주천2,2010-08-23,8.9,10,6.8,9,15.2,5.231,0.237,32,355,32000,0.208,2.208,0.001,850,Agriculture
광주_황룡강합류전,풍영정천,2010-09-03,7.4,8.3,2.3,5.4,5,1.899,0.074,30,321,49000,0.213,0.064,0.014,13000,Agriculture
광주_황룡강합류전,광주천2,2010-09-14,7.3,4.5,3.3,4.5,3.6,5.26,0.269,25,193,46000,0.346,1.803,0.128,1400,Agriculture
광주_황룡강합류전,풍영정천,2010-10-07,8.2,12.1,5.1,3.8,7.5,2.044,0.112,22,254,63000,0.388,0.839,0,7000,Agriculture
광주_황룡강합류전,광주천2,2010-10-21,8.9,10.5,5.4,15.4,29.2,6.353,0.27,21,723,480,0.153,5.404,0.048,230,Agriculture
광주_황룡강합류전,풍영정천,2010-11-03,7.8,11,3.3,4.7,13.5,4.042,0.144,15,296,46000,1.508,1.21,0.023,4900,Agriculture
광주_황룡강합류전,광주천2,2010-11-08,7.9,8.4,4.2,7.8,6.4,7.942,0.544,14,526,2000,0.094,5.407,0.175,0,Agriculture
광주_황룡강합류전,풍영정천,2010-12-01,7.1,9.6,3.2,5.5,8,2.547,0.13,10,223,22000,0.613,1.68,0,2400,Agriculture
광주_황룡강합류전,광주천2,2010-12-10,7.8,13,5.4,8,4.4,10.063,0.281,13,784,3400,0.522,7.403,0.038,420,Agriculture
광주_황룡강합류전,광주천2,2011-01-13,7.6,13.8,2.2,8.7,3.2,15.023,0.674,5,563,800,0.511,7.552,0.108,90,Agriculture
광주_황룡강합류전,풍영정천,2011-01-13,7.6,10.4,3.1,4.1,4.4,4.145,0.085,4,265,4900,1.352,1.493,0,340,Agriculture
광주_황룡강합류전,풍영정천,2011-02-08,7.8,13.8,4.3,4.2,6,4.27,0.088,6,269,24000,0.884,1.754,0,2700,Agriculture
광주_황룡강합류전,광주천2,2011-02-09,19,10.3,4,9.7,5.6,14.384,0.307,7,473,540,0.787,5.13,0.039,20,Agriculture
광주_황룡강합류전,풍영정천,2011-03-09,7.2,11.2,3.7,3.8,8.5,4.39,0.115,9,229,3300,0.418,1.688,0,490,Agriculture
광주_황룡강합류전,광주천2,2011-03-23,7.8,9.9,3.6,5.8,2,0.958,0.082,12,421,18000,0.574,0.499,0.062,800,Agriculture
광주_황룡강합류전,풍영정천,2011-04-06,8.5,15.1,5.7,6,5.5,3.122,0.126,18,327,1700,0.976,0.742,0,220,Agriculture
광주_황룡강합류전,광주천2,2011-04-27,7.3,2.9,9.5,11.4,14.4,1.472,0.154,19,436,21000,1.275,0.174,0.148,11000,Agriculture
광주_황룡강합류전,풍영정천,2011-05-04,8.2,14.1,4.5,6.5,7,2.48,0.088,23,294,17000,0.242,1.042,0,1100,Agriculture
광주_황룡강합류전,광주천2,2011-05-20,9.5,10,6.6,8.7,13.6,6.187,0.438,26,458,13000,0.28,5.166,0.384,4200,Agriculture
광주_황룡강합류전,풍영정천,2011-06-02,7.4,10.1,6.3,8.4,27,3.193,0.173,25,393,7900,0.135,1.074,0.036,490,Agriculture
광주_황룡강합류전,광주천2,2011-06-28,7.6,3.8,2.6,6.8,8,5.444,0.941,26,211,4400,2.46,2.204,0.804,1900,Agriculture
광주_황룡강합류전,풍영정천,2011-07-19,8.4,10.9,3.1,5.6,4,2.053,0.088,33,418,22000,0.058,0.547,0.032,790,Agriculture
광주_황룡강합류전,광주천2,2011-07-25,7.4,4.5,12.3,9.7,26,6.752,0.424,28,221,21000,0.087,2.529,0.027,5000,Agriculture
광주_황룡강합류전,풍영정천,2011-08-17,7.3,10.4,1.5,3.1,2.5,2.245,0.065,27,253,28000,0.334,0.675,0,6300,Agriculture
광주_황룡강합류전,광주천2,2011-08-18,7.3,5.3,6.6,7.6,10.8,5.562,0.341,29,282,61000,1.964,2.488,0.257,47000,Agriculture
광주_황룡강합류전,풍영정천,2011-09-15,7.9,11.3,1.7,3.2,5.5,1.62,0.102,29,357,42000,0.128,0.452,0,4500,Agriculture
광주_황룡강합류전,광주천2,2011-09-27,8.1,8.1,2.2,6.5,6.8,6.465,0.394,24,424,110,0.858,5.13,0.346,40,Agriculture
광주_황룡강합류전,광주천2,2011-10-12,8.1,9.2,4.2,7.6,16,8.855,0.728,21,455,12000,2.267,0.026,0.563,1000,Agriculture
광주_황룡강합류전,풍영정천,2011-11-15,7.6,12.7,2.9,4.5,3.5,2.716,0.144,14,275,52000,0.718,0.646,0.04,1800,Agriculture
광주_황룡강합류전,광주천2,2011-11-28,7.4,9.6,3.3,8.7,8.4,0.791,0.027,14.5,539,32000,0.164,0.287,0.006,1600,Agriculture
광주_황룡강합류전,풍영정천,2011-12-07,6.8,11.7,2.4,3.6,3,2.518,0.115,9,234,40000,0.466,1.146,0,1100,Agriculture
광주_황룡강합류전,광주천2,2011-12-15,7.6,13.6,2.4,8.1,4.4,8.859,0.781,7.9,588,11000,1.514,6.575,0.704,1100,Agriculture
광주_황룡강합류전,풍영정천,2012-01-09,7.4,11.9,6.4,4.4,5.5,2.762,0.11,6,223,21000,0.852,1.412,0,950,Agriculture
광주_황룡강합류전,광주천2,2012-01-12,6.5,13.4,4,8.2,2.4,13.701,1.389,3.5,522,2800,3.866,7.008,1.116,160,Agriculture
광주_황룡강합류전,풍영정천,2012-02-03,7.1,11.9,5,3.8,2.5,2.565,0.142,2,450,450,0.343,0.951,0.002,33,Agriculture
광주_황룡강합류전,광주천2,2012-02-10,8.2,15.7,4.3,9.8,6,11.308,0.596,5.5,571,1500,4.083,4.536,0.504,200,Agriculture
광주_황룡강합류전,풍영정천,2012-03-07,7.3,11,4,5.4,8,3.087,0.122,7.1,249,7800,0.685,0.843,0,800,Agriculture
광주_황룡강합류전,광주천2,2012-03-13,7.5,12.3,3.2,8.2,7.6,10.058,0.366,9.3,420,12000,4.963,4.081,0.279,200,Agriculture
광주_황룡강합류전,광주천2,2012-04-05,7.1,9.5,4.3,6.6,16,4.962,0.164,11.5,222,360,0.637,4.275,0.153,110,Agriculture
광주_황룡강합류전,풍영정천,2012-04-05,7,10.9,4,7.6,3,3.489,0.148,13.2,284,7100,0.402,0.856,0,930,Agriculture
광주_황룡강합류전,풍영정천,2012-05-04,7.5,10.6,3.4,8,5,1.622,0.149,25.1,264,46000,0.019,0.386,0.002,260,Agriculture
광주_황룡강합류전,광주천2,2012-05-11,7.4,7.7,3.3,5.8,9.6,4.213,0.181,24.5,245,1500,1.088,1.97,0.009,30,Agriculture
광주_황룡강합류전,광주천2,2012-06-05,6.5,7.3,6.5,11.1,15.2,4.042,0.251,23.6,300,2000,1.168,1.687,0.161,92,Agriculture
광주_황룡강합류전,풍영정천,2012-06-05,6.6,8.6,6.3,8.6,24.4,3.225,0.13,22.8,202,1900,0.929,1.266,0.067,82,Agriculture
광주_황룡강합류전,광주천2,2012-07-04,7,9.5,11.4,26.4,47.4,2.794,0.125,26.7,337,5000,0.259,1.623,0.104,650,Agriculture
광주_황룡강합류전,풍영정천,2012-07-04,7.2,9.8,4.2,8,5,3.554,0.423,24.9,632,3500,0.767,1.31,0.056,700,Agriculture
광주_황룡강합류전,광주천2,2012-08-02,8.5,8.8,6,11,12.4,4.149,0.261,29.9,293,38000,0.106,3.095,0.173,5600,Agriculture
광주_황룡강합류전,풍영정천,2012-08-08,7.7,8.1,2,6.9,8.1,1.088,0.082,28.8,185,14000,0.131,0.594,0.073,1200,Agriculture
광주_황룡강합류전,광주천2,2012-09-04,6.9,7.5,1.4,5.7,6.9,6.699,0.16,25,303,24650,0.256,5.573,0.109,2200,Agriculture
광주_황룡강합류전,풍영정천,2012-09-04,6.6,8.3,1.3,5.9,16,2.851,0.063,24.3,226,32600,0.251,2.166,0.043,2600,Agriculture
광주_황룡강합류전,광주천2,2012-10-08,6.7,11.5,1.6,4.9,6.6,3.83,0.053,20.6,274,3105,0.098,3.6,0.041,7,Agriculture
광주_황룡강합류전,풍영정천,2012-10-08,6.8,10.5,2.7,5.7,6.6,1.718,0.036,19.4,259,34000,0.21,1.174,0.011,800,Agriculture
광주_황룡강합류전,광주천2,2012-11-05,7.7,9.9,1.7,5.2,7.9,2.233,0.081,13.1,169,20000,0.085,1.715,0.049,2260,Agriculture
광주_황룡강합류전,풍영정천,2012-11-07,8,13.9,2.5,6.2,9.9,2.766,0.07,13.6,260,54000,0.65,1.679,0.042,1633,Agriculture
광주_황룡강합류전,광주천2,2012-12-03,7.1,12.8,1.5,5.6,1.9,4.414,0.071,6.6,352,3700,0.207,3.196,0.04,14,Agriculture
광주_황룡강합류전,풍영정천,2012-12-04,8.3,13.4,3.3,6.6,6.7,2.548,0.056,6.5,279,100000,0.439,1.7,0.025,1667,Agriculture
광주_황룡강합류전,광주천2,2013-01-10,7.1,12.8,2.8,6.9,40.3,5.512,0.173,1.9,384,700,1.495,3.451,0.049,32,Agriculture
광주_황룡강합류전,풍영정천,2013-01-10,6.9,13.2,2.1,4.3,3.4,2.713,0.05,0.8,297,3300,0.565,1.907,0.016,185,Agriculture
광주_황룡강합류전,광주천2,2013-02-06,6.8,11.8,5,7.1,14.5,4.465,0.184,5.3,254,82000,2.272,1.804,0.145,11600,Agriculture
광주_황룡강합류전,풍영정천,2013-02-06,7.3,13.2,2.6,7.1,25.9,2.566,0.079,4.7,206,11400,0.288,1.863,0.05,760,Agriculture
광주_황룡강합류전,풍영정천,2013-03-07,7.2,11.1,4.6,7.9,20.2,3.177,0.115,8.2,315,60000,1.391,1.345,0.025,1380,Agriculture
광주_황룡강합류전,광주천2,2013-03-08,7.7,10.7,7,10.9,36.8,4.877,0.177,9.9,348,4100,1.796,2.589,0.037,75,Agriculture
광주_황룡강합류전,풍영정천,2013-04-01,7.3,13,3.8,6.7,10.8,2.261,0.041,10.5,269,10000,0.404,1.176,0.016,1560,Agriculture
광주_황룡강합류전,광주천2,2013-04-05,7.2,9.6,5.2,9.3,23.9,6.599,0.126,14.5,248,3000,2.879,2.613,0.022,104,Agriculture
광주_황룡강합류전,광주천2,2013-05-03,6.7,5.2,4.9,8.9,11.4,2.996,0.133,16.6,207,54000,0.765,1.379,0.067,1200,Agriculture
광주_황룡강합류전,풍영정천,2013-05-07,8.4,14.2,4.7,7.9,9.3,2.555,0.078,20.5,301,3000,1.112,0.702,0.042,66,Agriculture
광주_황룡강합류전,광주천2,2013-06-03,7,7.2,3.6,7.4,19,4.294,0.174,23.9,355,2750,1.362,2.154,0.133,320,Agriculture
광주_황룡강합류전,풍영정천,2013-06-03,7.4,9.5,5.4,8.7,57.3,3.18,0.156,23.3,210,38000,0.609,1.399,0.096,660,Agriculture
광주_황룡강합류전,광주천2,2013-07-02,8.6,10.5,5.6,8.6,17.9,4.322,0.21,28.5,313,1050,0.388,2.745,0.089,126,Agriculture
광주_황룡강합류전,풍영정천,2013-07-02,8.5,12.3,3.5,10.3,10.4,1.963,0.103,28.2,208,18000,0.289,0.934,0.043,1340,Agriculture
광주_황룡강합류전,광주천2,2013-08-05,6.3,5.5,17.7,20,148.1,4.081,0.261,25.4,166,350000,1.81,1.265,0.108,28500,Agriculture
광주_황룡강합류전,풍영정천,2013-08-05,7,8.2,5.5,10.8,342.2,1.94,0.575,24.8,87,172000,0.298,0.728,0.064,21500,Agriculture
광주_황룡강합류전,풍영정천,2013-08-20,8.1,9.9,3,5.7,15.2,1.344,0.074,29.1,163,350000,0.114,0.811,0.05,28500,Agriculture
광주_황룡강합류전,광주천2,2013-09-03,7.5,8.1,0.9,3.7,4.6,2.836,0.109,23.3,200,2600,0.038,2.307,0.084,1800,Agriculture
광주_황룡강합류전,풍영정천,2013-09-03,8.4,11.8,1.8,4.7,8.2,1.85,0.077,24.2,214,11000,0.104,1.335,0.044,6300,Agriculture
광주_황룡강합류전,광주천2,2013-10-08,7.4,7,9,9.1,42.4,4.28,0.204,23,268,460000,0.863,2.018,0.09,18500,Agriculture
광주_황룡강합류전,풍영정천,2013-10-08,7.5,7,8.7,9,42.1,2.299,0.13,22.5,225,530000,0.821,0.96,0.065,21500,Agriculture
광주_황룡강합류전,광주천2,2013-11-04,7.8,11.1,2.6,5.5,43.9,3.772,0.155,16.2,371,1800,0.146,3.192,0.02,92,Agriculture
광주_황룡강합류전,풍영정천,2013-11-04,8.1,15.8,3.1,4.9,5.3,2.09,0.103,17,294,4300,0.246,1.33,0.048,112,Agriculture
광주_황룡강합류전,광주천2,2013-12-03,6.8,10.4,2.9,5.3,5.1,4.635,0.072,7.6,455,18000,0.183,3.939,0.025,620,Agriculture
광주_황룡강합류전,풍영정천,2013-12-03,7.5,13,3,4.3,4.5,2.739,0.071,7.8,287,10500,0.259,1.895,0.033,260,Agriculture
광주_황룡강합류전,광주천2,2014-01-07,8.5,14.8,4.1,6.7,12.5,5.643,0.081,4.4,424,560,0.445,4.095,0.005,52,Agriculture
광주_황룡강합류전,풍영정천,2014-01-07,8.8,14.9,2.9,4,4.4,2.042,0.06,5.2,238,4500,0.104,1.648,0.016,12,Agriculture
광주_황룡강합류전,광주천2,2014-02-04,7.9,13,4.7,7.1,10.8,5.839,0.102,5.4,346,3000,1.191,3.306,0.01,138,Agriculture
광주_황룡강합류전,풍영정천,2014-02-04,8.6,17.3,4,6,5.8,2.158,0.093,4.2,280,4400,0.214,1.395,0.017,18,Agriculture
광주_황룡강합류전,광주천2,2014-03-04,7.9,10.9,7.6,11.3,35.9,6.366,0.211,8.9,411,16500,1.779,3.077,0.012,180,Agriculture
광주_황룡강합류전,풍영정천,2014-03-04,7.1,11.4,4.8,6.7,11.6,2.278,0.115,7,275,29000,0.349,1.3,0.009,1340,Agriculture
광주_황룡강합류전,광주천2,2014-04-07,7.1,10.4,2.6,5.6,13.7,5.357,0.076,12,376,10000,0.842,3.116,0.001,90,Agriculture
광주_황룡강합류전,풍영정천,2014-04-07,8.9,17.8,4.8,7.3,11.1,1.455,0.131,14.1,336,11500,0.15,0.79,0.008,380,Agriculture
광주_황룡강합류전,광주천2,2014-05-12,7.1,7.9,6.7,9,44.4,3.247,0.176,19.1,142,128000,1.069,1.031,0.081,26000,Agriculture
광주_황룡강합류전,풍영정천,2014-05-12,6.8,9,5.9,11.7,35.8,2.877,0.305,18.3,172,70000,0.407,1.552,0.103,6000,Agriculture
광주_황룡강합류전,광주천2,2014-06-10,8.4,10.8,3.4,6.7,16.1,3.467,0.099,24.2,322,2250,0.12,2.607,0.013,250,Agriculture
광주_황룡강합류전,풍영정천,2014-06-10,7.8,10,3.7,7.5,18.1,2.86,0.136,25.9,188,14500,0.289,1.629,0.051,600,Agriculture
광주_황룡강합류전,광주천2,2014-07-01,8.5,14.9,5.6,9.3,13.3,2.733,0.133,29.2,341,1100,0.032,1.68,0.017,10,Agriculture
광주_황룡강합류전,풍영정천,2014-07-01,8.1,13.5,4.6,8.5,13.6,1.658,0.139,29.3,258,14500,0.121,0.68,0.047,400,Agriculture
광주_황룡강합류전,광주천2,2014-08-05,7.6,9.3,1.1,4,10.5,2.566,0.122,23.2,110,2200,0.134,1.9,0.083,900,Agriculture
광주_황룡강합류전,풍영정천,2014-08-05,7.7,8.9,1,6.1,9.8,2.465,0.141,25.9,154,260,0.083,1.57,0.097,24,Agriculture
광주_황룡강합류전,광주천2,2014-09-01,8.7,11.7,1.6,3.7,2.8,2.963,0.109,15.1,231,5400,0.04,2.38,0.073,260,Agriculture
광주_황룡강합류전,풍영정천,2014-09-01,8.5,12,1.3,4.2,2.7,1.73,0.095,26,202,19500,0.043,1.12,0.049,600,Agriculture
광주_황룡강합류전,광주천2,2014-10-06,7.6,10.8,1.4,3.6,2.6,2.656,0.099,19.2,242,12600,0.087,1.76,0.075,640,Agriculture
광주_황룡강합류전,풍영정천,2014-10-06,8.3,12.2,2.2,4.5,4,1.847,0.086,20,270,32500,0.097,0.9,0.044,480,Agriculture
광주_황룡강합류전,광주천2,2014-11-11,8.3,12.9,1.4,4.4,2.4,4.099,0.056,12.7,340,1300,0.09,3.35,0.022,200,Agriculture
광주_황룡강합류전,풍영정천,2014-11-11,8.5,15,2.2,4.4,3.5,1.579,0.053,11.2,261,28000,0.065,1.01,0.018,1400,Agriculture
광주_황룡강합류전,광주천2,2014-12-08,7.2,12.6,0.8,3.5,1.4,4.706,0.032,6.4,442,6400,0.216,3.67,0.02,140,Agriculture
광주_황룡강합류전,풍영정천,2014-12-08,7.2,14.1,1.7,4.6,3.1,2.603,0.048,4.9,354,36000,0.227,1.68,0.034,3450,Agriculture
광주_황룡강합류전,광주천2,2015-01-05,7.9,16.8,1.8,3.9,4,5.541,0.029,7,524,900,0.632,4.128,0.009,4,Agriculture
광주_황룡강합류전,풍영정천,2015-01-05,8.5,16.5,2.4,3.9,4.1,2.739,0.06,5.9,415,3000,0.158,1.719,0.021,100,Agriculture
광주_황룡강합류전,광주천2,2015-02-02,7.1,15.1,1.8,4.5,2.9,5.707,0.047,3.8,402,7400,1.244,3.991,0.012,60,Agriculture
광주_황룡강합류전,풍영정천,2015-02-02,7.4,17.2,1.8,3.7,3.2,2.285,0.052,3.9,278,11400,0.129,1.804,0.019,520,Agriculture
광주_황룡강합류전,광주천2,2015-03-02,7,12.8,3.7,5.7,7.1,7.115,0.071,5.7,422,9400,2.193,4.073,0.006,190,Agriculture
광주_황룡강합류전,풍영정천,2015-03-02,7.4,13.9,3.1,4,4,2.04,0.078,6.5,252,15500,0.217,1.405,0.036,60,Agriculture
광주_황룡강합류전,광주천2,2015-04-06,6.9,7.5,7.9,9.4,38,6.524,0.26,13.6,244,720000,1.743,1.769,0.053,74000,Agriculture
광주_황룡강합류전,풍영정천,2015-04-06,7,9.6,5.1,8.8,27.2,3.105,0.215,13.4,213,64000,0.494,1.749,0.106,5000,Agriculture
광주_황룡강합류전,광주천2,2015-05-04,7,8.2,4,6,13.7,2.895,0.13,19.4,210,38500,0.477,1.673,0.061,1380,Agriculture
광주_황룡강합류전,풍영정천,2015-05-04,7,9.8,2.6,7.2,14,1.837,0.16,19.7,224,29000,0.324,0.929,0.072,220,Agriculture
광주_황룡강합류전,광주천2,2015-06-02,7.4,8.4,2.5,6.2,10.9,4.196,0.081,23.4,321,880,0.233,3.148,0.029,34,Agriculture
광주_황룡강합류전,풍영정천,2015-06-02,6.3,7.1,4.8,7.9,29.7,3.259,0.21,22.3,199,11400,0.546,1.561,0.078,650,Agriculture
광주_황룡강합류전,광주천2,2015-07-06,7.4,6.7,5.2,10.1,12.3,3.974,0.153,25,326,66000,0.941,1.662,0.033,9800,Agriculture
광주_황룡강합류전,풍영정천,2015-07-06,8.3,12.4,2.3,6.6,6.1,1.433,0.104,24.6,158,12600,0.054,0.749,0.049,640,Agriculture
광주_황룡강합류전,광주천2,2015-08-10,7.2,6.2,3.8,6.1,14.7,3.174,0.211,28.7,270,7800,0.614,1.354,0.111,2750,Agriculture
광주_황룡강합류전,풍영정천,2015-08-10,7.1,7.8,3.5,6.2,6.9,1.585,0.139,28,223,6000,0.106,0.578,0.067,740,Agriculture
광주_황룡강합류전,광주천2,2015-09-08,7.3,5.9,2.7,4.8,4.5,2.2,0.158,24.5,254,2150,0.181,1.172,0.099,520,Agriculture
광주_황룡강합류전,풍영정천,2015-09-08,7.6,9.8,2.2,5.4,3.1,1.281,0.116,22.6,167,35000,0.06,0.697,0.062,3850,Agriculture
광주_황룡강합류전,광주천2,2015-10-05,7.1,7.8,1.4,4.2,3.1,4.706,0.085,19.2,288,13000,0.108,3.361,0.05,500,Agriculture
광주_황룡강합류전,풍영정천,2015-10-05,8.6,12.7,1.6,4.3,5.4,1.828,0.093,22.3,161,24000,0.099,1.11,0.042,360,Agriculture
광주_황룡강합류전,광주천2,2015-11-02,7.4,9.8,1.6,5.4,2.4,5.68,0.055,11.4,433,10000,0.052,5.203,0.022,420,Agriculture
광주_황룡강합류전,풍영정천,2015-11-02,7.3,10.3,1.9,4.8,2.5,1.784,0.072,10.8,268,76000,0.255,1.356,0.028,5400,Agriculture
광주_황룡강합류전,광주천2,2015-12-01,7.2,10.7,1.5,3.8,2.8,4.343,0.072,9.2,374,11000,0.079,2.874,0.047,1400,Agriculture
광주_황룡강합류전,풍영정천,2015-12-01,7.1,12.1,1.7,4.8,3.2,2.27,0.05,8.3,325,21000,0.033,1.023,0.02,2400,Agriculture
광주_황룡강합류전,광주천2,2016-01-28,7.6,13.5,2.4,5.8,4.5,7.267,0.083,5,578,4000,0.577,6.314,0.015,520,Agriculture
광주_황룡강합류전,광주천2,2016-02-02,7.4,15.7,2,4.2,4.2,4.496,0.082,6.3,328,8100,0.168,3.619,0.039,320,Agriculture
광주_황룡강합류전,풍영정천,2016-02-02,6.5,15.8,1.9,4.9,7,2.898,0.086,1.3,263,9000,0.16,2.636,0.034,100,Agriculture
광주_황룡강합류전,광주천2,2016-03-07,6.7,9.7,4.9,5.5,17.2,3.996,0.111,11.5,241,110000,0.573,2.895,0.025,3800,Agriculture
광주_황룡강합류전,풍영정천,2016-03-07,6.7,9.9,5,8.4,28.9,2.898,0.139,12.8,218,16000,0.344,2.04,0.024,1100,Agriculture
광주_황룡강합류전,광주천2,2016-04-04,8.4,11.7,7.7,11,16.4,4.712,0.092,16.8,256,490,0.215,3.818,0.003,100,Agriculture
광주_황룡강합류전,풍영정천,2016-04-04,7.7,9.9,6.2,7.8,7.7,3.408,0.132,14.6,191,13000,0.231,2.245,0.02,360,Agriculture
광주_황룡강합류전,광주천2,2016-05-02,6.7,10.3,1.6,5,8.9,2.665,0.072,19,223,16000,0.094,2.129,0.017,100,Agriculture
광주_황룡강합류전,풍영정천,2016-05-02,8.3,13.1,1.7,5.2,5.6,1.856,0.052,20.8,225,33000,0.078,1.33,0.009,200,Agriculture
광주_황룡강합류전,광주천2,2016-06-07,6.8,8.1,3.5,6.7,13.9,3.524,0.16,22.7,290,14000,0.403,1.959,0.06,620,Agriculture
광주_황룡강합류전,풍영정천,2016-06-07,7,8.3,5,7.9,32,3.205,0.203,21.5,205,132000,0.396,1.506,0.056,2400,Agriculture
광주_황룡강합류전,광주천2,2016-07-05,7.3,8.6,2.8,4.3,11.8,2.576,0.085,23,160,73000,0.129,1.816,0.047,7300,Agriculture
광주_황룡강합류전,풍영정천,2016-07-05,7.1,7.1,2.9,6.2,24.5,2.58,0.131,24.7,182,15000,0.129,1.599,0.047,9900,Agriculture
광주_황룡강합류전,광주천2,2016-08-08,7.4,5.3,7.4,9.1,10.9,3.471,0.28,28.3,252,75000,1.454,1.117,0.117,16000,Agriculture
광주_황룡강합류전,풍영정천,2016-08-08,7.4,8.9,2.6,6.6,16.9,2.14,0.167,27.9,182,51000,0.137,1.259,0.078,6600,Agriculture
광주_황룡강합류전,광주천2,2016-09-05,7.4,8.1,2.7,5.8,10.2,2.313,0.084,27.9,272,42000,0.162,1.541,0.047,6000,Agriculture
광주_황룡강합류전,풍영정천,2016-09-05,7.1,7.5,3.2,7.4,41.8,2.099,0.197,24.2,111,65000,0.128,1.455,0.075,6300,Agriculture
광주_황룡강합류전,광주천2,2016-10-10,7.1,10.5,0.9,3.8,2.7,2.514,0.102,16.9,148,63000,0.278,1.655,0.084,6600,Agriculture
광주_황룡강합류전,풍영정천,2016-10-10,7.6,10.4,1,4.8,5.9,1.931,0.077,16.6,165,34000,0.063,1.29,0.044,4200,Agriculture
광주_황룡강합류전,광주천2,2016-11-01,7.4,12.2,1,3.8,3.5,2.973,0.075,12.4,209,20000,0.066,2.59,0.041,500,Agriculture
광주_황룡강합류전,풍영정천,2016-11-01,7.4,13.6,1.5,4.5,2.5,2.445,0.109,11.8,227,72000,0.207,1.256,0.048,1800,Agriculture
광주_황룡강합류전,광주천2,2016-12-05,7.8,13,3.8,7,7.3,5.764,0.079,8.5,470,500,0.205,4.67,0.008,60,Agriculture
광주_황룡강합류전,풍영정천,2016-12-05,7.6,13.5,2.7,4.5,5.4,2.441,0.063,7.4,293,23000,0.153,1.858,0.023,4200,Agriculture
광주_황룡강합류전,광주천2,2017-01-09,6.9,8.5,2.7,6.1,5.6,5.163,0.108,8.1,391,13000,0.409,3.917,0.02,500,Agriculture
광주_황룡강합류전,풍영정천,2017-01-09,7.2,10.4,2.4,5.1,7.1,2.559,0.101,7.4,294,22000,0.212,1.862,0.019,1200,Agriculture
광주_황룡강합류전,광주천2,2017-02-06,8,12.7,4.9,8.3,12.5,6.645,0.132,6.7,489,21000,1.294,4.243,0.02,400,Agriculture
광주_황룡강합류전,풍영정천,2017-02-06,7.6,15.8,2.8,5.2,5.2,2.404,0.073,3.2,340,45000,0.156,1.949,0.012,1000,Agriculture
광주_황룡강합류전,광주천2,2017-03-06,7.4,11.4,4.1,7.6,11.2,2.021,0.102,7.8,242,23000,0.053,1.355,0.009,100,Agriculture
광주_황룡강합류전,풍영정천,2017-03-06,8.2,14.8,3,6,7.4,2.247,0.079,6.5,277,35000,0.1,1.747,0.011,1100,Agriculture
광주_황룡강합류전,광주천2,2017-04-03,8.3,14.6,7,11.2,35.6,3.481,0.131,17.6,284,4000,0.048,2.291,0.002,100,Agriculture
광주_황룡강합류전,풍영정천,2017-04-03,8.5,13.2,6.9,11.3,24.5,2.058,0.176,11.2,328,35000,0.155,0.955,0.007,1000,Agriculture
광주_황룡강합류전,광주천2,2017-05-08,7.2,5.5,6.2,11.7,16.1,2.946,0.221,19.5,371,32000,1.04,0.967,0.076,2700,Agriculture
광주_황룡강합류전,풍영정천,2017-05-08,8.3,13.1,5.2,9.6,11.3,1.637,0.144,18.9,265,13000,0.105,0.687,0.038,2300,Agriculture
광주_황룡강합류전,광주천2,2017-06-05,8.1,9.8,6.1,13,30.5,4.823,0.163,22,343,3000,0.039,3.47,0.013,87,Agriculture
광주_황룡강합류전,풍영정천,2017-06-05,7.6,9.5,5.1,12,19.7,3.004,0.145,21.2,231,14000,0.355,1.435,0.016,1000,Agriculture
광주_황룡강합류전,광주천2,2017-07-10,7.2,5.5,3.6,9.1,7.6,3.855,0.191,27,314,16000,0.91,2.417,0.131,1400,Agriculture
광주_황룡강합류전,풍영정천,2017-07-10,7.2,5.3,4.8,11.9,38.9,2.613,0.127,26.4,212,480000,0.329,1.612,0.051,87000,Agriculture
광주_황룡강합류전,광주천2,2017-08-07,7.6,6.8,6,11.5,9.3,3.644,0.169,31,352,50000,0.295,2.561,0.072,17000,Agriculture
광주_황룡강합류전,풍영정천,2017-08-07,7.9,8,2.8,7.3,5.6,0.741,0.061,29.9,263,8000,0.019,0.565,0.014,1600,Agriculture
광주_황룡강합류전,광주천2,2017-09-04,7.7,6.2,3.5,7,8.3,4.267,0.098,24.5,391,10000,0.031,3.139,0.038,1600,Agriculture
광주_황룡강합류전,풍영정천,2017-09-04,7,9.6,2.6,5.7,5,1.717,0.099,23.5,172,46000,0.026,0.817,0.047,8900,Agriculture
광주_황룡강합류전,광주천2,2017-10-10,7.4,9.5,2,5.3,5.4,1.75,0.103,24.2,239,20000,0.03,1.23,0.065,1700,Agriculture
광주_황룡강합류전,풍영정천,2017-10-10,7.7,11.2,2,5.5,3.6,1.612,0.063,22.9,263,26000,0.024,1.187,0.027,2800,Agriculture
광주_황룡강합류전,광주천2,2017-11-06,8.7,13.2,5.9,10.9,11.9,3.89,0.085,13.3,420,400,0.09,3.191,0.007,40,Agriculture
광주_황룡강합류전,풍영정천,2017-11-06,7.7,14,2.2,5,1.7,1.923,0.063,11.3,308,23000,0.092,1.414,0.017,4200,Agriculture
광주_황룡강합류전,광주천2,2017-12-04,8.2,14.4,7.4,12,18.2,1.476,0.094,6.9,364,420,0.024,0.517,0,400,Agriculture
광주_황룡강합류전,풍영정천,2017-12-04,7.9,14.5,3.6,6.6,6,2.16,0.082,6.4,344,39000,0.03,0.886,0.002,2400,Agriculture
광주_황룡강합류전,광주천2,2018-01-15,8.4,15.8,7.4,12.4,19.7,2.424,0.111,2.7,433,5400,0.01,1.432,0.009,140,Agriculture
광주_황룡강합류전,풍영정천,2018-01-15,8,15.1,3.5,6.8,11,2.665,0.135,3.8,479,29000,0.292,1.734,0.047,2100,Agriculture
광주_황룡강합류전,광주천2,2018-02-05,7.9,16.7,4.5,9.3,10.8,2.183,0.096,2,293,800,0.002,1.225,0.014,20,Agriculture
광주_황룡강합류전,풍영정천,2018-02-05,8.3,15.3,3.4,5.9,5,2.685,0.096,0.6,451,7800,0.166,1.712,0.017,1000,Agriculture
광주_황룡강합류전,광주천2,2018-03-05,7.1,5,12.2,20,31.2,5.475,0.435,12.8,361,40000,2.331,0.804,0.015,12000,Agriculture
광주_황룡강합류전,풍영정천,2018-03-05,7.5,9,6.8,11.2,16.5,2.826,0.139,11.6,369,72000,0.638,1.164,0.015,8000,Agriculture
광주_황룡강합류전,광주천2,2018-04-02,7.5,11.2,5.9,9.7,24,5.174,0.1,16.6,396,3800,1.44,2.159,0.006,240,Agriculture
광주_황룡강합류전,풍영정천,2018-04-02,7.9,10,4.9,8.1,10,1.628,0.099,16.3,298,13000,0.123,0.782,0.014,1000,Agriculture
광주_황룡강합류전,광주천2,2018-05-08,6.8,13.4,3.6,7.1,15.7,2.682,0.174,16.8,247,170000,0.778,1.139,0.043,38000,Agriculture
광주_황룡강합류전,풍영정천,2018-05-08,7.6,11.4,2.5,10.6,28,2.363,0.188,17.5,235,52000,0.166,1.468,0.052,2400,Agriculture
광주_황룡강합류전,광주천2,2018-06-04,7.1,8.6,3.8,8.3,7.5,4.419,0.071,23.9,401,660,0.187,3.195,0.005,200,Agriculture
광주_황룡강합류전,풍영정천,2018-06-04,7.6,9.2,3.3,10.1,23.1,2.623,0.124,23.2,186,26000,0.165,1.412,0.047,400,Agriculture
광주_황룡강합류전,광주천2,2018-07-02,7.6,5.5,7,14.6,21.7,7.12,0.535,22.7,228,146000,3.917,1.409,0.366,66000,Agriculture
광주_황룡강합류전,풍영정천,2018-07-02,7,9.7,4.4,14.6,284.3,3.113,0.408,22.6,105,43000,0.306,1.509,0.139,12000,Agriculture
광주_황룡강합류전,광주천2,2018-08-06,8.4,9.9,6.8,15.7,18.4,0.819,0.209,32,297,3000,0.011,0.165,0.112,800,Agriculture
광주_황룡강합류전,풍영정천,2018-08-06,8,9.4,4.1,9.7,11.5,1.084,0.136,29.5,251,10000,0.011,0.377,0.035,1700,Agriculture
광주_황룡강합류전,광주천2,2018-09-10,7.6,7.1,2.2,4.8,2.9,3.493,0.095,21.2,310,68000,0.361,2.397,0.052,17000,Agriculture
광주_황룡강합류전,풍영정천,2018-09-10,7.2,9.4,1.5,5.3,3.4,1.951,0.092,22.5,183,45000,0.02,1.359,0.055,7300,Agriculture
광주_황룡강합류전,광주천2,2018-10-01,8.1,9.6,3.4,8.2,13.7,2.927,0.117,20,277,2600,0.005,2.166,0.014,230,Agriculture
광주_황룡강합류전,풍영정천,2018-10-01,7.4,9,1.4,5.2,2,1.806,0.09,17.9,294,53000,0.013,1.391,0.034,7300,Agriculture
광주_황룡강합류전,광주천2,2018-11-05,7.6,9.3,2.3,5.4,5.6,1.446,0.092,12.3,250,13000,0.007,1.075,0.015,340,Agriculture
광주_황룡강합류전,풍영정천,2018-11-05,7.6,10.4,2,5.3,4,1.96,0.106,12.8,277,51000,0.028,1.575,0.031,2100,Agriculture
광주_황룡강합류전,광주천2,2018-12-03,6.8,4.9,8.9,18.9,35.4,8.935,0.52,13.9,379,450000,5.166,1.837,0.34,20000,Agriculture
광주_황룡강합류전,풍영정천,2018-12-03,7.4,9.2,4.3,8.8,16.2,2.241,0.152,10.6,318,410000,0.358,1.394,0.048,15000,Agriculture
부산_서낙동강,서낙동강1,2007-02-06,9.4,16.7,5.1,9.6,27.3,3.098,0.124,6,457,33,0.16,2.617,0.028,0,Agriculture
부산_서낙동강,서낙동강2,2007-02-06,9.1,16.4,5.3,9.2,23.1,3.155,0.143,7,485,140,0.12,2.637,0.026,9,Agriculture
부산_서낙동강,서낙동강3,2007-02-06,8.3,15.2,10.5,10.8,41.8,9.918,1.062,10,901,5000,4.571,4.852,0.936,1700,Agriculture
부산_서낙동강,서낙동강4,2007-02-06,8.3,15.2,7.6,9.8,24.8,3.148,0.136,10,901,80,0.233,2.745,0.028,0,Agriculture
부산_서낙동강,서낙동강1,2007-03-14,8.6,14.2,5,7.8,15.7,2.649,0.101,10,359,1700,0.176,1.95,0.034,70,Agriculture
부산_서낙동강,서낙동강2,2007-03-14,7.1,8.7,3.7,7,14.5,2.7,0.105,9,1070,1100,0.26,2.048,0.042,110,Agriculture
부산_서낙동강,서낙동강3,2007-03-14,7,7.7,4.8,7.2,16.7,8.666,0.728,10,667,2400,3.557,3.889,0.701,280,Agriculture
부산_서낙동강,서낙동강4,2007-03-14,7.1,8.7,2.3,6,15.4,4.648,0.323,9,1070,280,0.142,2.582,0.194,4,Agriculture
부산_서낙동강,서낙동강1,2007-04-11,8.5,10.1,3.9,5.2,9,2.709,0.071,17,396,35000,0.069,2.106,0.033,350,Agriculture
부산_서낙동강,서낙동강2,2007-04-11,8.3,9.6,5.2,6.2,16.7,2.787,0.072,16,944,1100,0.077,2.051,0.034,110,Agriculture
부산_서낙동강,서낙동강3,2007-04-11,7.9,9.2,10.3,9.8,19.7,8.508,0.62,17,759,2300,3.085,3.207,0.418,50,Agriculture
부산_서낙동강,서낙동강4,2007-04-11,8.4,9.6,8.3,8.4,20.3,3.557,0.119,16,944,1300,0.206,2.416,0.067,50,Agriculture
부산_서낙동강,서낙동강1,2007-05-14,7,6.1,2.7,6.2,24.3,1.93,0.1,21,402,11000,0.173,1.172,0.036,80,Agriculture
부산_서낙동강,서낙동강2,2007-05-14,7.4,6.9,4.5,7,29,2.04,0.112,20,407,5000,0.211,1.112,0.02,800,Agriculture
부산_서낙동강,서낙동강3,2007-05-14,7.6,6.2,4.9,9.8,30,4.199,0.271,20,873,8000,0.718,2.101,0.151,280,Agriculture
부산_서낙동강,서낙동강4,2007-05-14,6.9,5.5,5.2,9.8,43.3,2.542,0.177,20,1403,24000,0.292,1.335,0.029,130,Agriculture
부산_서낙동강,서낙동강1,2007-06-13,8.3,7.5,2.7,5.6,15.1,1.708,0.097,26,476,2800,0.149,0.861,0.014,230,Agriculture
부산_서낙동강,서낙동강2,2007-06-13,8.2,7.9,2.5,6.4,29.3,1.812,0.138,25,1246,5000,0.292,0.756,0.041,230,Agriculture
부산_서낙동강,서낙동강3,2007-06-13,8,7.2,4.4,10,32,4.1,0.304,25,964,9000,0.077,2.413,0.101,110,Agriculture
부산_서낙동강,서낙동강4,2007-06-13,8.2,7.9,3.5,9,24.7,3.401,0.2,25,1246,2200,0.065,2.113,0.05,130,Agriculture
부산_서낙동강,서낙동강1,2007-07-12,7.3,5.4,1.8,6.2,24.2,2.617,0.137,25,348,30000,0.5,1.198,0.077,300,Agriculture
부산_서낙동강,서낙동강2,2007-07-12,7.4,5.6,2.2,7,10.7,2.446,0.106,25,402,17000,0.96,0.935,0.071,300,Agriculture
부산_서낙동강,서낙동강3,2007-07-12,6.8,5.4,4.2,5.8,32.3,3.515,0.4,24,283,17000,0.408,2.436,0.31,3000,Agriculture
부산_서낙동강,서낙동강4,2007-07-12,7.3,5.6,1.8,6.8,17.3,2.36,0.155,25,402,8000,0.292,1.502,0.083,500,Agriculture
부산_서낙동강,서낙동강1,2007-08-14,7.2,4.5,4.2,5.8,26.3,1.75,0.114,27,366,30000,0.624,0.707,0.041,5000,Agriculture
부산_서낙동강,서낙동강2,2007-08-14,7.5,5.6,2.8,7.8,29.3,1.394,0.14,27,1147,8000,0.357,0.509,0.049,700,Agriculture
부산_서낙동강,서낙동강3,2007-08-14,7.1,5.2,6.2,8,38,3.28,0.237,26,583,30000,1.074,1.579,0.118,13000,Agriculture
부산_서낙동강,서낙동강4,2007-08-14,7.1,4.3,5.3,7.6,27.7,4.312,0.236,26,691,30000,1.012,2.661,0.148,5000,Agriculture
부산_서낙동강,서낙동강1,2007-09-27,7,4.6,1.5,5.8,26,2.569,0.119,23,262,30000,0.271,1.968,0.054,700,Agriculture
부산_서낙동강,서낙동강2,2007-09-27,7.3,5.9,2.2,6,19,2.462,0.138,24,329,13000,0.483,1.489,0.064,1100,Agriculture
부산_서낙동강,서낙동강3,2007-09-27,7,4.9,1,4.2,34.7,3.614,0.413,23,275,17000,0.468,2.559,0.312,2800,Agriculture
부산_서낙동강,서낙동강4,2007-09-27,7.3,5.9,2.5,5.6,24.7,1.855,0.125,24,329,28000,0.262,1.222,0.05,1700,Agriculture
부산_서낙동강,서낙동강1,2007-10-11,7.5,6.2,1.2,4.4,32.4,2.54,0.111,21,225,28000,0.237,1.326,0.047,80,Agriculture
부산_서낙동강,서낙동강2,2007-10-11,7.3,5.4,1.5,5.8,24,3.167,0.146,20,308,9000,0.232,1.712,0.081,1700,Agriculture
부산_서낙동강,서낙동강3,2007-10-11,7.1,5.1,1.4,5.2,40.4,3.583,0.387,20,305,17000,0.22,1.957,0.256,5000,Agriculture
부산_서낙동강,서낙동강4,2007-10-11,7.3,5.4,1.3,5.6,16.5,2.395,0.163,20,308,7000,0.177,1.174,0.083,2400,Agriculture
부산_서낙동강,서낙동강1,2007-11-15,7.9,13.3,2.7,5.2,13,2.414,0.16,15,292,13000,0.082,2.085,0.016,30,Agriculture
부산_서낙동강,서낙동강2,2007-11-16,7.4,12.7,1.8,4.4,13.8,2.667,0.117,14,272,5000,0.252,2.023,0.033,50,Agriculture
부산_서낙동강,서낙동강3,2007-11-16,7.1,8.5,2.3,7.6,30,7.468,0.402,14,516,30000,0.778,5.645,0.308,5000,Agriculture
부산_서낙동강,서낙동강4,2007-11-16,7.1,11.8,3,6.6,15.4,4.037,0.127,13,856,5000,0.191,3.146,0.09,140,Agriculture
부산_서낙동강,서낙동강1,2007-12-18,7.8,14.2,6.1,6.8,10.4,2.715,0.115,6,311,300,0.174,1.478,0.022,13,Agriculture
부산_서낙동강,서낙동강2,2007-12-18,7.3,14.5,5.2,6.6,12,2.949,0.066,6,870,500,0.194,1.526,0.013,80,Agriculture
부산_서낙동강,서낙동강3,2007-12-18,7.4,12.3,6.3,10.2,23.3,7.74,0.413,8,726,5000,1.594,3.562,0.305,3000,Agriculture
부산_서낙동강,서낙동강4,2007-12-18,7.3,14.5,6.9,9.4,13.8,4.872,0.157,6,870,230,0.571,2.449,0.12,50,Agriculture
부산_서낙동강,서낙동강1,2008-01-18,8.3,20.2,6.2,9.4,18,3.131,0.144,5,351,700,0.134,1.383,0.004,30,Agriculture
부산_서낙동강,서낙동강2,2008-01-18,8,17.1,6.3,9.8,21.7,3.224,0.123,3,1195,2200,0.184,1.397,0.011,110,Agriculture
부산_서낙동강,서낙동강3,2008-01-18,7.9,10.9,3.4,7.8,8.3,8.45,0.924,5,696,90000,4.37,2.764,0.215,17000,Agriculture
부산_서낙동강,서낙동강4,2008-01-18,8,17.1,7,10.8,23,3.681,0.161,3,1195,280,0.19,1.668,0.019,21,Agriculture
부산_서낙동강,서낙동강1,2008-02-27,9.8,14.3,5.8,7.8,23,3.255,0.178,6,468,500,0.052,2.58,0.018,170,Agriculture
부산_서낙동강,서낙동강2,2008-02-27,9.9,14.6,6.2,7.4,23.7,3.372,0.237,6,444,800,0.068,2.475,0.016,22,Agriculture
부산_서낙동강,서낙동강3,2008-02-27,8.1,12.2,2.9,10.4,20.3,14.36,0.77,7,882,11000,10.65,2.091,0.369,500,Agriculture
부산_서낙동강,서낙동강4,2008-02-27,9.2,13.5,9.7,10,30.3,3.765,0.136,6,1364,3000,0.113,2.822,0.024,17,Agriculture
부산_서낙동강,서낙동강1,2008-03-18,9.4,11.3,6.2,7.6,14,3.593,0.051,12,367,700,0.123,2.33,0.057,80,Agriculture
부산_서낙동강,서낙동강2,2008-03-18,8.8,13,6.8,8.8,18,3.707,0.099,13,853,50,0.031,2.496,0.051,7,Agriculture
부산_서낙동강,서낙동강3,2008-03-18,8.6,17.4,13,14.3,24,10.775,0.458,14,763,1100,8.508,2.022,0.111,30,Agriculture
부산_서낙동강,서낙동강4,2008-03-18,8.8,13,10.3,10.6,22,6.534,0.237,13,853,1300,2.296,2.646,0.121,30,Agriculture
부산_서낙동강,서낙동강1,2008-04-14,9.3,14.1,7.3,9.2,17.7,2.431,0.076,17,327,500,0.089,1.592,0.02,8,Agriculture
부산_서낙동강,서낙동강2,2008-04-14,8.5,13.3,5.6,8.4,19,2.52,0.068,16,786,500,0.093,1.571,0.018,4,Agriculture
부산_서낙동강,서낙동강3,2008-04-14,7.5,10.9,9.3,19.3,21.7,7.181,0.978,17,536,9000,4.384,0.533,0.886,500,Agriculture
부산_서낙동강,서낙동강4,2008-04-14,8.5,13.3,10.9,11.5,22.3,3.416,0.133,16,786,1100,0.975,1.541,0.062,50,Agriculture
부산_서낙동강,서낙동강3,2008-05-15,7.4,6.8,9.7,13.7,29.3,6.822,0.676,20,729,22000,4.19,1.598,0.568,5000,Agriculture
부산_서낙동강,서낙동강4,2008-05-15,8.6,11.1,12.1,15,41.5,3.05,0.342,19,1219,500,0.311,1.276,0.234,30,Agriculture
부산_서낙동강,서낙동강1,2008-05-16,9.1,13.4,7.3,9.8,19.8,1.906,0.086,21,343,1700,0.053,1.353,0.021,13,Agriculture
부산_서낙동강,서낙동강2,2008-05-16,8.3,10.9,4.7,8,14.8,2.026,0.09,20,499,500,0.112,1.346,0.037,50,Agriculture
부산_서낙동강,서낙동강1,2008-06-13,7.6,5.8,3,6.6,12.4,2.214,0.113,25,608,1300,0.831,0.742,0.042,300,Agriculture
부산_서낙동강,서낙동강2,2008-06-13,7.5,6.5,2.3,7,9.5,1.937,0.102,23,1619,230,0.553,0.729,0.037,130,Agriculture
부산_서낙동강,서낙동강3,2008-06-13,7.3,5.8,5,12.5,20,2.816,0.256,24,997,1700,0.204,1.47,0.089,280,Agriculture
부산_서낙동강,서낙동강4,2008-06-13,7.5,6.5,4.1,10.8,19.7,2.075,0.232,23,1619,24000,0.107,0.843,0.063,130,Agriculture
부산_서낙동강,서낙동강1,2008-07-17,7.1,5.9,3.8,7.4,15.5,1.799,0.313,30,266,5000,0.232,0.779,0.048,3000,Agriculture
부산_서낙동강,서낙동강2,2008-07-17,7.3,5.1,3.1,7.8,25,2.013,0.345,29,864,1300,0.209,0.907,0.052,70,Agriculture
부산_서낙동강,서낙동강3,2008-07-17,7.1,6.8,9.5,11.5,28.3,4.826,0.576,29,705,17000,1.19,2.056,0.254,2200,Agriculture
부산_서낙동강,서낙동강4,2008-07-17,7.3,5.1,5.9,11.8,28,4.005,0.565,29,864,350,1.138,1.661,0.244,130,Agriculture
부산_서낙동강,서낙동강1,2008-08-18,7,4.3,1.5,6.6,24.5,1.551,0.119,25,204,3000,0.34,1.097,0.104,1700,Agriculture
부산_서낙동강,서낙동강2,2008-08-18,7,4.1,1.8,6.6,22.3,1.563,0.125,26,309,5000,0.409,1.031,0.116,3000,Agriculture
부산_서낙동강,서낙동강3,2008-08-20,7,5.2,2.9,7.8,27.3,3.798,0.297,27,420,5000,0.344,3.014,0.233,3000,Agriculture
부산_서낙동강,서낙동강4,2008-08-20,7,4.4,2.7,7,26.8,2.175,0.221,26,527,3000,0.274,1.433,0.203,3000,Agriculture
부산_서낙동강,서낙동강1,2008-09-17,7.7,6.9,1.7,5.8,20,2.104,0.103,26,319,1100,0.183,0.986,0.036,80,Agriculture
부산_서낙동강,서낙동강2,2008-09-17,8,7.4,1.5,8.6,19,1.671,0.079,23,2027,1400,0.173,0.706,0.013,170,Agriculture
부산_서낙동강,서낙동강3,2008-09-17,7.7,6,1.7,7.2,32.3,4.095,0.145,26,784,2300,0.287,1.936,0.049,110,Agriculture
부산_서낙동강,서낙동강4,2008-09-17,8,7.4,2.1,7.2,26.3,2.051,0.151,23,2027,800,0.274,1.033,0.054,50,Agriculture
부산_서낙동강,서낙동강1,2008-10-14,7.9,8.8,5.5,6,23.9,1.824,0.155,20,349,1300,0.018,0.608,0.004,50,Agriculture
부산_서낙동강,서낙동강2,2008-10-14,7.5,6.6,2.2,4.8,20.6,1.869,0.138,22,1309,2300,0.144,0.98,0.021,130,Agriculture
부산_서낙동강,서낙동강3,2008-10-14,7.5,5.6,3.5,8.2,51.8,7.575,0.408,19,663,24000,0.36,4.457,0.147,13000,Agriculture
부산_서낙동강,서낙동강4,2008-10-14,7.5,6.6,2.1,7.6,27.8,4.699,0.318,22,1309,1100,0.037,3.342,0.156,30,Agriculture
부산_서낙동강,서낙동강1,2008-11-17,8,11.4,1.7,4,18.5,2.302,0.081,14,499,2200,0.135,1.584,0.047,460,Agriculture
부산_서낙동강,서낙동강2,2008-11-17,8.5,11.6,1.2,4,17.2,2.222,0.073,14,509,1700,0.169,1.141,0.041,79,Agriculture
부산_서낙동강,서낙동강3,2008-11-17,7.9,9.7,2.8,8.5,29.2,6.709,0.361,14,916,35000,0.653,3.92,0.285,4600,Agriculture
부산_서낙동강,서낙동강4,2008-11-18,7.6,9.8,3.1,6,27.5,3.901,0.244,10,3246,3300,0.461,1.925,0.158,2300,Agriculture
부산_서낙동강,서낙동강1,2008-12-15,7.4,11,2,4,8,2.622,0.069,6,542,790,0.222,1.469,0.047,330,Agriculture
부산_서낙동강,서낙동강2,2008-12-15,7.6,12.2,2.1,3.8,9.2,2.869,0.078,5,913,490,0.241,1.057,0.052,230,Agriculture
부산_서낙동강,서낙동강3,2008-12-15,7.3,9.6,4.4,9,26.3,7.946,0.898,6,1036,3500,3.502,3.321,0.746,2800,Agriculture
부산_서낙동강,서낙동강4,2008-12-15,7.6,12.2,3.3,4.2,11,2.787,0.104,5,913,330,0.205,1.625,0.066,79,Agriculture
부산_서낙동강,서낙동강1,2009-01-20,8.4,15.2,7.2,7.8,13.6,2.61,0.038,3,640,130,0.028,1.944,0.011,17,Agriculture
부산_서낙동강,서낙동강2,2009-01-20,8,16.5,5,7.2,9.7,2.697,0.043,2,1006,300,0.043,1.617,0.018,33,Agriculture
부산_서낙동강,서낙동강3,2009-01-20,7.5,10.6,9.8,12.8,26,12.922,0.552,5,1061,35000,9.281,1.854,0.538,13000,Agriculture
부산_서낙동강,서낙동강4,2009-01-20,8,16.5,8.4,10.8,17.3,6.594,0.257,2,1006,1300,3.303,2.667,0.176,49,Agriculture
부산_서낙동강,서낙동강4,2009-02-11,7.8,12.3,10.9,13.4,28.7,8.058,0.22,7,1478,490,5.032,2.033,0.108,230,Agriculture
부산_서낙동강,서낙동강1,2009-02-12,8.3,16.4,7.5,11,28.4,3.395,0.125,5,543,50,0.013,1.874,0.008,13,Agriculture
부산_서낙동강,서낙동강2,2009-02-12,8.5,17.9,8.5,11.5,31.7,3.314,0.115,6,554,220,0.009,2.081,0.007,22,Agriculture
부산_서낙동강,서낙동강3,2009-02-12,7.8,7.6,7.7,11.1,26.6,12.752,0.588,9,1025,470,10.999,1.616,0.327,220,Agriculture
부산_서낙동강,서낙동강1,2009-03-10,8.5,10.5,4.3,8.4,34,3.7,0.111,8,549,1100,0.25,2.255,0.065,79,Agriculture
부산_서낙동강,서낙동강2,2009-03-10,8.2,12.3,7.8,9.4,30.8,3.135,0.103,9,1543,790,0.022,1.816,0.05,21,Agriculture
부산_서낙동강,서낙동강3,2009-03-10,7.9,8.3,8.7,11.3,20.3,9.602,0.734,10,1034,4900,6.442,2.679,0.681,350,Agriculture
부산_서낙동강,서낙동강4,2009-03-10,8.3,15.2,11.1,11.5,27.6,4.33,0.113,9,1543,790,1.157,2.077,0.068,110,Agriculture
부산_서낙동강,서낙동강1,2009-04-16,7,9.3,2.8,6.6,15.8,2.647,0.071,14,624,1100,0.265,1.57,0.054,70,Agriculture
부산_서낙동강,서낙동강2,2009-04-16,7.1,9.5,3.8,6.8,18.5,2.936,0.071,15,622,790,0.169,1.269,0.058,170,Agriculture
부산_서낙동강,서낙동강3,2009-04-16,6.7,9.5,13.5,10.8,17.1,4.695,0.699,17,806,3300,2.947,1.032,0.638,1300,Agriculture
부산_서낙동강,서낙동강4,2009-04-16,6.7,9.8,11.2,10.4,20.3,3.717,0.392,16,1015,7900,0.805,1.469,0.314,46,Agriculture
부산_서낙동강,서낙동강1,2009-05-14,7.8,6.6,1.8,6.4,11.4,3.101,0.101,20,692,35000,0.528,1.326,0.078,79,Agriculture
부산_서낙동강,서낙동강2,2009-05-14,7.6,6.3,1.9,6.2,8.6,2.941,0.099,21,696,2300,0.539,1.293,0.084,5,Agriculture
부산_서낙동강,서낙동강3,2009-05-14,7.7,12.4,10,12.3,30.8,2.955,0.574,22,1003,4900,0.136,1.365,0.478,500,Agriculture
부산_서낙동강,서낙동강4,2009-05-14,7.9,10.9,10.6,12.3,34,2.404,0.393,22,1166,1100,0.027,1.162,0.301,170,Agriculture
부산_서낙동강,서낙동강1,2009-06-15,8.2,9.1,4.8,8,19.3,2.615,0.109,23,569,4900,0.048,1.467,0.023,22,Agriculture
부산_서낙동강,서낙동강2,2009-06-15,9.1,15.2,7.4,10.4,18.8,2.125,0.119,24,957,330,0.026,0.977,0.015,22,Agriculture
부산_서낙동강,서낙동강3,2009-06-15,7.4,10.4,8.5,12.6,29.7,3.299,0.414,23,816,14000,0.304,1.571,0.219,2800,Agriculture
부산_서낙동강,서낙동강4,2009-06-15,9.1,15.2,10.6,14.3,28,2.388,0.241,24,957,790,0.032,0.891,0.076,130,Agriculture
부산_서낙동강,서낙동강1,2009-07-22,7.8,9.2,2.9,7.6,16,2.038,0.095,25,171,1100,0.007,1.564,0.036,460,Agriculture
부산_서낙동강,서낙동강2,2009-07-22,7.8,9.3,4.2,8.4,17.8,2.019,0.069,25,210,13000,0.009,1.538,0.033,1400,Agriculture
부산_서낙동강,서낙동강3,2009-07-22,7.5,7.5,3.5,8.4,20.3,3.549,0.303,26,434,7900,0.824,0.66,0.207,4900,Agriculture
부산_서낙동강,서낙동강4,2009-07-22,8,9,3.6,8,17.8,1.594,0.105,27,370,330,0.236,0.335,0.05,230,Agriculture
부산_서낙동강,서낙동강1,2009-08-20,8,8.8,3.1,7.6,33.3,1.546,0.083,27,296,1100,0.031,1.137,0.032,79,Agriculture
부산_서낙동강,서낙동강2,2009-08-20,8.6,10.5,4.8,9,19.8,1.012,0.061,28,367,330,0.125,0.498,0.011,110,Agriculture
부산_서낙동강,서낙동강3,2009-08-20,7.3,6.2,4,8.4,26.9,2.447,0.213,27,555,2800,0.016,1.353,0.17,1100,Agriculture
부산_서낙동강,서낙동강4,2009-08-20,7.6,8.2,5.4,9.8,22,1.846,0.135,27,628,1100,0.1,1.322,0.081,26,Agriculture
부산_서낙동강,서낙동강1,2009-09-18,8.2,6.3,2.1,7.2,15.1,1.298,0.078,24.2,313,3300,0.007,0.697,0.032,1700,Agriculture
부산_서낙동강,서낙동강2,2009-09-18,7.2,5.6,3.2,7.6,21.7,1.187,0.082,22.8,899,490,0.017,0.567,0.027,220,Agriculture
부산_서낙동강,서낙동강3,2009-09-18,7.2,6.8,2.7,8.1,25.4,3.363,0.259,23.2,603,7000,0.202,0.502,0.21,3300,Agriculture
부산_서낙동강,서낙동강4,2009-09-18,7.2,5.6,2.2,7.6,26,1.53,0.12,22.8,899,330,0.095,1.08,0.092,230,Agriculture
부산_서낙동강,서낙동강1,2009-10-19,7.6,9,3.9,6.5,42.4,2.705,0.131,18,337,790,0.072,1.214,0.074,79,Agriculture
부산_서낙동강,서낙동강2,2009-10-19,7.3,9.1,4.1,6.7,28,1.982,0.116,18,349,490,0.045,1.16,0.06,110,Agriculture
부산_서낙동강,서낙동강3,2009-10-19,6.9,6.7,4.8,8.1,46,5.427,0.552,18,574,7000,0.753,3.127,0.341,4600,Agriculture
부산_서낙동강,서낙동강4,2009-10-19,7.1,9,3.8,6.5,22,2.158,0.169,18,413,790,0.15,1.1,0.076,79,Agriculture
부산_서낙동강,서낙동강1,2009-11-02,7.5,8.1,1.8,5.1,34.4,2.306,0.118,15.2,387,93,0.103,1.095,0.05,20,Agriculture
부산_서낙동강,서낙동강2,2009-11-02,7.7,9.3,2.1,6.4,41.2,2.099,0.088,14.9,292,3300,0.115,1.061,0.044,140,Agriculture
부산_서낙동강,서낙동강3,2009-11-02,7.2,7.5,6.1,7.3,64.5,7.58,0.867,15.2,801,4900,2.166,3.576,0.65,1700,Agriculture
부산_서낙동강,서낙동강4,2009-11-02,7.3,8.6,2.5,6.1,36.4,3.312,0.117,15,555,460,0.6,1.726,0.068,20,Agriculture
부산_서낙동강,서낙동강1,2009-12-02,7.9,12.2,2,5.1,20.4,2.368,0.072,8,328,1300,0.043,1.851,0.055,170,Agriculture
부산_서낙동강,서낙동강2,2009-12-02,7.9,12,1.7,4.7,17.3,2.468,0.089,8,492,170,0.077,1.821,0.055,110,Agriculture
부산_서낙동강,서낙동강3,2009-12-02,7.6,11.6,7.1,8.9,36.8,6.237,0.295,8,606,24000,0.896,2.542,0.242,4900,Agriculture
부산_서낙동강,서낙동강4,2009-12-02,8,13.1,3.8,6.7,19.2,2.596,0.069,7,492,1300,0.165,1.23,0.059,45,Agriculture
부산_서낙동강,서낙동강1,2010-01-22,8.5,13.7,7.4,9,17.1,4.499,0.13,4,528,460,0.014,1.696,0.017,79,Agriculture
부산_서낙동강,서낙동강2,2010-01-22,8.1,11.5,6.8,9,22.1,4.483,0.141,6,942,240,0.013,1.663,0.017,33,Agriculture
부산_서낙동강,서낙동강3,2010-01-22,7.9,10.9,8.5,12,30.8,8.064,0.483,7,974,3300,1.416,2.551,0.254,1100,Agriculture
부산_서낙동강,서낙동강4,2010-01-22,8.1,11.5,10,14.3,40.5,7.718,0.34,6,942,2800,0.777,2.236,0.066,17,Agriculture
부산_서낙동강,서낙동강1,2010-02-16,9.1,14.2,7.7,9.5,15.2,2.919,0.077,4,307,790,0.01,1.742,0.011,170,Agriculture
부산_서낙동강,서낙동강2,2010-02-16,9,13.9,7.9,10.5,22,3.031,0.098,3,345,460,0.009,1.657,0.011,130,Agriculture
부산_서낙동강,서낙동강3,2010-02-16,7.3,10.8,5,10.2,22.3,6.809,0.294,5,542,790,2.195,2.615,0.224,110,Agriculture
부산_서낙동강,서낙동강4,2010-02-16,8.9,13.3,8.5,16.3,26.4,3.852,0.143,4,807,490,0.094,1.966,0.011,230,Agriculture
부산_서낙동강,서낙동강1,2010-03-19,7.9,14.5,2.8,6,15.2,3.025,0.062,10,284,790,0.196,0.577,0.035,110,Agriculture
부산_서낙동강,서낙동강2,2010-03-19,7.8,15,5,6.6,13.3,2.886,0.063,10,324,1300,0.224,0.535,0.033,78,Agriculture
부산_서낙동강,서낙동강3,2010-03-19,7.9,13.2,4.8,8.2,20.9,4.1,0.363,10,483,4900,0.826,0.551,0.219,680,Agriculture
부산_서낙동강,서낙동강4,2010-03-19,8,12.9,6.5,7,25.5,2.955,0.163,10,530,9200,0.519,0.413,0.081,170,Agriculture
부산_서낙동강,서낙동강1,2010-04-15,8.1,10.7,3.6,6,15.7,2.54,0.051,13,270,22000,0.047,2.043,0.026,1700,Agriculture
부산_서낙동강,서낙동강2,2010-04-15,7.9,10.9,3,6,14.2,2.978,0.072,12,309,5400,0.149,2.057,0.034,68,Agriculture
부산_서낙동강,서낙동강3,2010-04-15,7.6,11.6,4.7,8.4,24.9,4.925,0.144,11,553,14000,0.077,3.667,0.042,20,Agriculture
부산_서낙동강,서낙동강4,2010-04-15,7.5,11.3,3.4,7.2,21.7,3.16,0.099,11.7,585,11000,0.143,2.282,0.045,200,Agriculture
부산_서낙동강,서낙동강1,2010-05-14,8.2,12.3,1.8,4.8,14.5,2.158,0.041,20,242,200,0.19,1.329,0.033,400,Agriculture
부산_서낙동강,서낙동강2,2010-05-14,8.3,13.5,2.7,5.6,15.5,2.219,0.039,19,260,130,0.155,1.236,0.03,40,Agriculture
부산_서낙동강,서낙동강3,2010-05-14,8.6,12.9,3.9,11.2,44.5,3.901,0.256,21,652,20,0.25,2.276,0.104,20,Agriculture
부산_서낙동강,서낙동강4,2010-05-14,7.6,12.6,3.4,9.5,13.1,2.788,0.172,21,443,20,0.24,1.318,0.081,20,Agriculture
부산_서낙동강,서낙동강1,2010-06-16,7.5,9.9,2.1,6.6,11.2,2.334,0.044,26,245,790,0.057,1.604,0.019,130,Agriculture
부산_서낙동강,서낙동강2,2010-06-16,7.5,9.9,2.3,6.8,11.7,2.42,0.065,26,263,460,0.05,1.517,0.023,92,Agriculture
부산_서낙동강,서낙동강3,2010-06-16,7.3,13.5,7.7,14.9,22.7,4.518,0.23,27,640,2300,0.88,1.876,0.128,20,Agriculture
부산_서낙동강,서낙동강4,2010-06-16,7.3,11.7,5.9,11.2,21.3,2.952,0.115,26,505,490,0.168,1.456,0.051,68,Agriculture
부산_서낙동강,서낙동강1,2010-07-09,7.8,11.8,7,11,17.1,0.951,0.069,29,351,68,0.011,0.125,0.021,20,Agriculture
부산_서낙동강,서낙동강2,2010-07-09,8.2,11.5,7.8,16,29.1,1.157,0.124,30,361,70,0.013,0.111,0.027,40,Agriculture
부산_서낙동강,서낙동강3,2010-07-09,7.4,12.8,9.6,16.4,24.5,4.345,0.472,29,657,4900,0.54,2.895,0.441,4900,Agriculture
부산_서낙동강,서낙동강4,2010-07-09,7.9,12.8,6.3,14,22.6,2.185,0.175,29,686,790,0.009,1.303,0.041,20,Agriculture
부산_서낙동강,서낙동강1,2010-08-13,7.3,6.9,0.8,7.4,20.1,2.701,0.155,26,218,28000,0.427,1.729,0.129,2200,Agriculture
부산_서낙동강,서낙동강2,2010-08-13,7.5,7.7,2,9,25.1,1.803,0.082,27,252,14000,0.22,1.262,0.053,2400,Agriculture
부산_서낙동강,서낙동강3,2010-08-13,7.3,6.4,0.6,9,22.9,2.054,0.249,26,237,35000,1.005,0.665,0.211,490,Agriculture
부산_서낙동강,서낙동강4,2010-08-13,7.4,6.4,0.5,6,51.6,2.199,0.203,26,216,28000,0.252,1.827,0.169,3500,Agriculture
부산_서낙동강,서낙동강1,2010-09-10,7.7,7.1,2.4,7.4,21.1,2.821,0.165,25,275,1700,0.357,1.602,0.04,780,Agriculture
부산_서낙동강,서낙동강2,2010-09-10,7.7,7.9,2.9,9.4,34.6,1.933,0.139,26,312,2300,0.211,0.929,0.034,450,Agriculture
부산_서낙동강,서낙동강3,2010-09-10,7.6,5.9,1.3,6.2,19.4,4.91,0.529,26,336,3300,0.273,2.838,0.419,1700,Agriculture
부산_서낙동강,서낙동강4,2010-09-10,7.7,6.5,1.5,6.4,21.8,3.095,0.267,25,280,1100,0.205,2.065,0.158,200,Agriculture
부산_서낙동강,서낙동강1,2010-10-08,7.9,8.7,1.3,6.8,14.8,1.579,0.073,21,298,450,0.243,1.249,0.003,2,Agriculture
부산_서낙동강,서낙동강2,2010-10-08,8,8.6,1.4,6.2,18.8,1.853,0.085,21,242,680,0.313,1.145,0.025,2,Agriculture
부산_서낙동강,서낙동강3,2010-10-08,7.9,9.1,2.5,10,37.9,5.969,0.358,20,585,1700,0.199,3.205,0.249,450,Agriculture
부산_서낙동강,서낙동강4,2010-10-08,8,7.8,1.9,7.4,20.9,3.053,0.136,20,632,680,0.232,2.143,0.066,2,Agriculture
부산_서낙동강,서낙동강1,2010-11-16,8.1,10.4,3,6.2,21.7,2.248,0.066,11,297,680,0.031,1.721,0.006,2,Agriculture
부산_서낙동강,서낙동강2,2010-11-16,8,10.3,2.4,7.4,26.3,2.177,0.083,10,316,1700,0.03,1.732,0.019,2,Agriculture
부산_서낙동강,서낙동강3,2010-11-16,8.2,10.5,5.4,11,38.5,8.965,0.88,10,620,3300,0.029,3.483,0.732,200,Agriculture
부산_서낙동강,서낙동강4,2010-11-16,8.2,10.6,4.5,8.2,22,4.369,0.19,10,971,1100,0.026,2.873,0.125,2,Agriculture
부산_서낙동강,서낙동강1,2010-12-08,7.6,12.7,2.8,5.8,12.7,3.101,0.018,6,245,1700,0.035,2.397,0.013,20,Agriculture
부산_서낙동강,서낙동강2,2010-12-08,7.3,13,3.2,5.6,19.8,3.169,0.081,6,250,1700,0.034,2.455,0.008,20,Agriculture
부산_서낙동강,서낙동강3,2010-12-08,7.2,11.5,4,11.4,34.2,8.161,0.803,6,541,2100,0.745,2.214,0.769,450,Agriculture
부산_서낙동강,서낙동강4,2010-12-08,7.5,14.4,4.4,6.6,19.4,3.627,0.159,5,478,680,0.055,2.513,0.082,20,Agriculture
부산_서낙동강,서낙동강1,2011-01-24,8.5,13.5,3.9,6.4,23.7,3.822,0.081,3,442,1100,0.017,3.086,0.008,500,Agriculture
부산_서낙동강,서낙동강2,2011-01-24,8.3,13.4,3.6,7,23.8,3.865,0.081,3,467,450,0.022,3.47,0.007,20,Agriculture
부산_서낙동강,서낙동강3,2011-01-24,8.2,14.1,7.4,11.2,32.2,11.652,0.851,5,928,2200,5.983,5.217,0.804,680,Agriculture
부산_서낙동강,서낙동강4,2011-01-24,8.3,13.5,7.2,11,29,8.979,0.584,4,1026,2200,3.162,4.123,0.348,20,Agriculture
부산_서낙동강,서낙동강1,2011-02-21,7.7,9.3,3.8,6.4,35.8,4.324,0.119,4,437,2400,0.213,2.531,0.012,270,Agriculture
부산_서낙동강,서낙동강2,2011-02-21,7.5,11.6,3.6,6.4,36,4.343,0.127,4,453,790,0.211,2.541,0.015,170,Agriculture
부산_서낙동강,서낙동강3,2011-02-21,7.5,9.7,7.8,12.6,36.4,9.618,0.78,7,927,3300,5.022,2.759,0.6,1300,Agriculture
부산_서낙동강,서낙동강4,2011-02-21,8,13.4,5,8,38.6,4.295,0.154,5,494,3300,0.234,2.471,0.019,2300,Agriculture
부산_서낙동강,서낙동강1,2011-03-15,8.9,12.5,5.6,10,26.7,3.29,0.057,10,409,450,0.09,2.943,0.02,330,Agriculture
부산_서낙동강,서낙동강2,2011-03-15,8.4,13.4,5,10.2,21.3,3.308,0.048,8,410,450,0.038,2.421,0.019,330,Agriculture
부산_서낙동강,서낙동강3,2011-03-15,7.6,10.8,7.1,13.1,31.2,12.348,0.384,11,782,4900,8.862,2.154,0.338,1700,Agriculture
부산_서낙동강,서낙동강4,2011-03-15,8.7,14.2,7.6,11.8,28.8,6.902,0.306,10,755,2300,3.454,2.41,0.181,790,Agriculture
부산_서낙동강,서낙동강1,2011-04-05,7.9,11.4,2.2,4.8,16.5,3.524,0.049,13,362,1400,0.256,1.127,0.007,20,Agriculture
부산_서낙동강,서낙동강2,2011-04-05,7.7,11.5,2.1,5.8,16.9,3.816,0.06,12,368,2200,0.256,1.127,0.017,20,Agriculture
부산_서낙동강,서낙동강3,2011-04-05,7.6,10.9,6.2,12,22.4,8.163,1.053,13,799,11000,3.076,1.053,0.473,2400,Agriculture
부산_서낙동강,서낙동강4,2011-04-05,8.1,12.4,3,8,16.6,3.931,0.129,12,462,1700,0.356,1.111,0.051,330,Agriculture
부산_서낙동강,서낙동강1,2011-05-03,7.2,9.6,2.6,4,25.4,2.962,0.052,16,338,1600,0.149,1.151,0.035,170,Agriculture
부산_서낙동강,서낙동강2,2011-05-03,7.4,9.6,4.1,6.2,21.1,2.845,0.02,17,370,1600,0.02,1.14,0.005,94,Agriculture
부산_서낙동강,서낙동강3,2011-05-03,7.1,9.2,4.5,8.4,20.9,3.396,0.142,18,607,3500,1.127,1.015,0.124,210,Agriculture
부산_서낙동강,서낙동강4,2011-05-03,7,10.2,5.4,9.2,34.6,3.547,0.18,17,660,1100,0.272,1.051,0.098,22,Agriculture
부산_서낙동강,서낙동강1,2011-06-02,8.1,11.3,7.1,9.8,11.8,2.143,0.022,22,411,130,0.201,0.667,0.01,2,Agriculture
부산_서낙동강,서낙동강2,2011-06-02,7.7,9.7,3.6,7.8,7.8,2.315,0.051,20,624,110,0.204,0.674,0.036,23,Agriculture
부산_서낙동강,서낙동강3,2011-06-02,7.6,8.6,9,13.1,20.1,4.777,0.25,20,742,1100,1.242,2.067,0.229,170,Agriculture
부산_서낙동강,서낙동강4,2011-06-02,7.8,9,5.6,10.2,17.9,4.452,0.23,21,786,540,1.74,1.751,0.197,130,Agriculture
부산_서낙동강,서낙동강1,2011-07-12,7.5,6.8,2.2,7.3,23.3,2.787,0.37,25.3,181,5400,0.3,1.022,0.198,240,Agriculture
부산_서낙동강,서낙동강2,2011-07-12,7.4,7.7,2.7,7.8,21.8,2.81,0.352,25.4,174,3500,0.275,0.975,0.188,1300,Agriculture
부산_서낙동강,서낙동강3,2011-07-12,7.4,6.2,2.1,5.8,21.9,3.063,0.357,23.7,252,11000,0.33,1.137,0.206,340,Agriculture
부산_서낙동강,서낙동강4,2011-07-12,7.7,6.1,1.7,5.7,28.8,2.913,0.252,24.1,299,16000,0.4,1.027,0.107,38,Agriculture
부산_서낙동강,서낙동강1,2011-08-11,7.2,4.8,2.8,5.2,15.6,2.155,0.122,28,271,5400,0.48,0.864,0.06,490,Agriculture
부산_서낙동강,서낙동강2,2011-08-11,7.3,6.8,4.6,5.6,14.6,1.852,0.105,28.6,237,9200,0.28,0.779,0.055,1300,Agriculture
부산_서낙동강,서낙동강3,2011-08-11,7.3,5,3.5,4.2,19.4,2.563,0.143,26.1,249,2200,0.213,0.973,0.083,340,Agriculture
부산_서낙동강,서낙동강4,2011-08-11,7.2,5.2,2,3.6,19.8,2.636,0.154,27.2,276,5400,0.168,0.989,0.088,330,Agriculture
부산_서낙동강,서낙동강1,2011-09-16,8,4.8,2.4,7.4,15.5,1.95,0.072,27.9,256,220,0.108,1.033,0.02,130,Agriculture
부산_서낙동강,서낙동강2,2011-09-16,7.8,6.5,3.8,8.6,13.2,1.626,0.067,27.2,269,240,0.066,0.788,0.007,79,Agriculture
부산_서낙동강,서낙동강3,2011-09-16,7.8,6,4.8,9.6,15.4,3.452,0.113,26.5,512,1300,0.075,1.249,0.033,460,Agriculture
부산_서낙동강,서낙동강4,2011-09-16,7.9,6.8,4.3,8.8,13,3.378,0.104,27.6,516,490,0.101,1.243,0.045,79,Agriculture
부산_서낙동강,서낙동강1,2011-10-11,7.5,8,2.7,7,14.6,1.355,0.073,19.3,311,220,0.109,0.717,0.018,130,Agriculture
부산_서낙동강,서낙동강2,2011-10-11,7.4,8.6,2.1,6.2,11.3,1.262,0.058,19.2,343,110,0.279,0.625,0.02,49,Agriculture
부산_서낙동강,서낙동강3,2011-10-11,7.4,10.7,5.2,9.8,19,6.83,0.53,19.8,627,940,1.823,0.909,0.428,240,Agriculture
부산_서낙동강,서낙동강4,2011-10-11,7.7,13.2,5,10.1,33.1,4.542,0.186,18.6,1002,460,0.102,1.417,0.073,33,Agriculture
부산_서낙동강,서낙동강1,2011-11-03,7.4,6.3,1.1,5.8,10.8,1.878,0.055,17.7,285,240,0.164,0.988,0.014,49,Agriculture
부산_서낙동강,서낙동강2,2011-11-03,7.4,6.9,1,5.2,9.1,1.948,0.056,17,294,5400,0.232,0.968,0.027,49,Agriculture
부산_서낙동강,서낙동강3,2011-11-03,7.5,7.4,2.2,8,14,5.128,0.083,17.8,592,330,0.222,1.186,0.013,240,Agriculture
부산_서낙동강,서낙동강4,2011-11-03,7.6,10,3.8,9,17.3,3.908,0.081,17,674,220,0.172,1.706,0.006,130,Agriculture
부산_서낙동강,서낙동강1,2011-12-06,6.5,12.8,2,6.4,11.4,2.746,0.046,8.4,278,240,0.167,1.203,0.016,23,Agriculture
부산_서낙동강,서낙동강2,2011-12-06,6.5,14.5,1,5.4,8.6,2.84,0.048,8.3,366,40,0.101,1.234,0.021,22,Agriculture
부산_서낙동강,서낙동강3,2011-12-06,6.8,12.7,2.6,9.4,15,5.502,0.063,9.1,924,1300,0.538,3.128,0.018,790,Agriculture
부산_서낙동강,서낙동강4,2011-12-06,7,15,2.8,8.2,12.3,4.674,0.075,7.9,1114,1300,0.247,2.922,0.032,110,Agriculture
부산_서낙동강,서낙동강1,2012-01-16,9.4,16.8,5.8,8,13.8,2.479,0.056,3.4,711,130,0.103,1.619,0.003,49,Agriculture
부산_서낙동강,서낙동강2,2012-01-16,9.6,18.4,5.9,8,14.5,2.699,0.068,2.2,713,330,0.184,1.599,0.005,330,Agriculture
부산_서낙동강,서낙동강3,2012-01-16,7.7,12.6,5.4,9.6,17.4,12.115,0.064,5,1728,1100,8.828,2.772,0.005,7,Agriculture
부산_서낙동강,서낙동강4,2012-01-16,8.2,15.7,5.4,9.8,11.6,10.245,0.061,3.1,2306,33,6.269,2.671,0.002,8,Agriculture
부산_서낙동강,서낙동강1,2012-02-21,9.5,18.7,4.9,9.8,23.6,2.967,0.048,2.6,361,170,0.062,1.292,0.029,110,Agriculture
부산_서낙동강,서낙동강2,2012-02-21,9.6,18.3,5.8,10.2,20.2,2.933,0.087,2.8,367,110,0.075,1.287,0.01,31,Agriculture
부산_서낙동강,서낙동강3,2012-02-21,7.4,14.2,5.3,9.6,11.3,12.148,0.072,4.9,910,350,7.628,1.489,0.007,220,Agriculture
부산_서낙동강,서낙동강4,2012-02-21,9.4,18.1,8.3,10.1,22.3,3.766,0.044,2.1,1260,17,0.944,1.326,0.003,5,Agriculture
부산_서낙동강,서낙동강1,2012-03-13,9.5,16.6,8.2,11.5,30.2,3.781,0.089,5.9,411,8,0.054,2.568,0.006,2,Agriculture
부산_서낙동강,서낙동강2,2012-03-13,9.5,15.6,9.2,11.5,24.5,3.688,0.074,5.8,412,8,0.05,2.319,0.003,2,Agriculture
부산_서낙동강,서낙동강3,2012-03-13,7.6,11.5,3.7,9,13.7,7.53,0.092,7.1,801,790,2.017,2.572,0.012,170,Agriculture
부산_서낙동강,서낙동강4,2012-03-13,8.2,13.7,7.4,11,26.6,5.587,0.087,5.7,1120,70,1.161,2.796,0.001,11,Agriculture
부산_서낙동강,서낙동강1,2012-04-17,9.1,9.5,8.2,9.4,13.9,3.169,0.074,16.3,287,79,0.039,1.04,0.011,33,Agriculture
부산_서낙동강,서낙동강2,2012-04-17,9.3,8.3,8.4,9.6,19.2,3.033,0.094,15.6,296,49,0.033,1.033,0.012,2,Agriculture
부산_서낙동강,서낙동강3,2012-04-17,7.6,7.8,5.3,9.6,14.6,5.688,0.078,16.8,492,700,0.193,1.145,0.004,79,Agriculture
부산_서낙동강,서낙동강4,2012-04-17,8.7,8.1,6.8,9.6,15.9,4.463,0.096,16.5,617,110,0.035,1.089,0.02,4,Agriculture
부산_서낙동강,서낙동강1,2012-05-07,7.8,9.5,4.1,7.2,26.7,2.436,0.092,19.3,221,210,0.03,1.115,0.012,9,Agriculture
부산_서낙동강,서낙동강2,2012-05-07,8.6,13,5.3,8.8,21,2.717,0.095,19.6,303,460,0.021,1.105,0.007,22,Agriculture
부산_서낙동강,서낙동강3,2012-05-07,7.6,12.6,6.8,10,18.9,3.777,0.071,19.4,527,330,0.023,1.219,0.004,170,Agriculture
부산_서낙동강,서낙동강4,2012-05-07,8.4,11.8,8.4,9.8,24.7,3.035,0.077,19.7,645,23,0.023,1.151,0.009,8,Agriculture
부산_서낙동강,서낙동강1,2012-07-09,7.7,8.1,4.4,10,21.8,1.696,0.087,27,305,1700,0.104,0.883,0.018,49,Agriculture
부산_서낙동강,서낙동강2,2012-07-09,7.8,8.4,3.6,9.2,10.7,1.583,0.109,26.7,305,130,0.163,0.878,0.026,33,Agriculture
부산_서낙동강,서낙동강3,2012-07-09,7.4,8.5,3.2,11.7,11.3,2.786,0.147,26.7,474,490,0.218,0.898,0.046,110,Agriculture
부산_서낙동강,서낙동강4,2012-07-09,7.6,8.5,7.7,14,13.5,2.348,0.198,26.6,653,430,0.297,0.867,0.048,110,Agriculture
부산_서낙동강,서낙동강1,2012-08-21,7.7,10.1,4.2,8,15.1,2.448,0.107,30.4,239,790,0.034,1.224,0.025,170,Agriculture
부산_서낙동강,서낙동강2,2012-08-21,7.6,9.2,3.8,9,16.8,2.104,0.113,30.6,271,5400,0.032,0.937,0.014,140,Agriculture
부산_서낙동강,서낙동강3,2012-08-21,7.2,6.6,3.6,12.9,12.6,2.584,0.141,30.1,537,240,0.038,1.224,0.029,33,Agriculture
부산_서낙동강,서낙동강4,2012-08-21,7.2,7.5,5.9,12.6,16.2,2.571,0.165,30.9,799,490,0.313,0.897,0.048,49,Agriculture
부산_서낙동강,서낙동강1,2012-09-24,7.1,8,3.3,6.8,18.1,2.741,0.257,24.1,195,220,0.143,1.665,0.106,110,Agriculture
부산_서낙동강,서낙동강2,2012-09-24,7.3,7.3,2.5,6.8,14.3,2.86,0.258,23.3,206,1100,0.234,1.571,0.111,130,Agriculture
부산_서낙동강,서낙동강3,2012-09-24,7.2,7.6,2.8,6,9.7,5.228,0.093,22.9,412,5400,0.046,2.47,0.014,220,Agriculture
부산_서낙동강,서낙동강4,2012-09-24,7.1,9.8,4.1,8.7,11.9,3.753,0.118,22.9,563,350,0.485,1.811,0.002,49,Agriculture
부산_서낙동강,서낙동강1,2012-10-16,7.6,8.3,2.2,6.2,28.8,2.395,0.154,19.1,230,220,0.075,1.324,0.027,110,Agriculture
부산_서낙동강,서낙동강2,2012-10-16,7.8,8.5,6.6,9.8,14.6,1.991,0.106,19,339,1100,0.053,0.875,0.009,130,Agriculture
부산_서낙동강,서낙동강3,2012-10-16,7.6,8.7,6,11.4,16.3,5.01,0.127,19,547,5400,0.111,3.365,0.027,220,Agriculture
부산_서낙동강,서낙동강4,2012-10-16,7.7,8.7,4.4,11.7,21.7,4.469,0.156,18.6,880,350,0.338,2.054,0.015,49,Agriculture
부산_서낙동강,서낙동강1,2012-11-13,7.5,10.3,1.6,8.6,27.5,2.561,0.131,12.8,274,700,0.009,1.516,0.013,49,Agriculture
부산_서낙동강,서낙동강2,2012-11-13,7.4,9.8,1.7,7,23.5,2.701,0.103,12.6,278,790,0.365,1.425,0.02,240,Agriculture
부산_서낙동강,서낙동강3,2012-11-13,7.6,11.1,3.9,12.3,20.7,3.495,0.125,13.4,672,2400,0.014,2.004,0.006,790,Agriculture
부산_서낙동강,서낙동강4,2012-11-13,7.5,10.7,5.2,12,19,4.659,0.107,13.3,1029,490,0.584,2.244,0.007,170,Agriculture
부산_서낙동강,서낙동강1,2012-12-10,7.5,12.7,1.4,5.2,3.7,2.517,0.027,4.2,347,130,0.036,1.792,0.006,23,Agriculture
부산_서낙동강,서낙동강2,2012-12-10,7.5,12.6,1.2,5.6,4.7,2.358,0.031,3.9,349,49,0.05,1.584,0.008,23,Agriculture
부산_서낙동강,서낙동강3,2012-12-10,7.3,9.5,2.5,7.6,10.4,8.258,0.069,5.7,912,490,1.837,4.095,0.006,110,Agriculture
부산_서낙동강,서낙동강4,2012-12-10,7.5,13,2.2,7,5.6,5.633,0.052,2.8,1249,46,1.062,2.802,0.004,17,Agriculture
부산_서낙동강,서낙동강1,2013-01-15,7.7,16.4,2.7,4.6,7,3.05,0.04,2.5,446,170,0.156,1.918,0.002,49,Agriculture
부산_서낙동강,서낙동강2,2013-01-15,7.8,16.6,4.8,6.2,6.7,3.003,0.04,2.6,489,130,0.178,1.832,0.002,79,Agriculture
부산_서낙동강,서낙동강3,2013-01-15,7.9,10.7,4.2,10.3,13.5,11.297,0.085,6,1017,330,8.337,2.17,0.001,40,Agriculture
부산_서낙동강,서낙동강4,2013-01-15,7.8,14.5,3.6,9.7,9.9,7.681,0.07,3.2,1643,70,4.464,2.239,0.002,13,Agriculture
부산_서낙동강,서낙동강1,2013-02-12,7.8,16.4,4.7,8,15.1,3.14,0.051,4.3,591,49,0.042,1.032,0.015,11,Agriculture
부산_서낙동강,서낙동강2,2013-02-12,8,18.1,5.9,9.4,19.1,3.412,0.079,3.4,627,46,0.037,0.978,0.023,13,Agriculture
부산_서낙동강,서낙동강3,2013-02-12,7.4,10.7,3.2,8.4,8.8,9.753,0.071,5.7,925,350,6.536,0.856,0.037,280,Agriculture
부산_서낙동강,서낙동강4,2013-02-12,7.5,12.7,2.7,8.6,9.6,9.161,0.058,3.9,1689,130,5.618,0.889,0.027,130,Agriculture
부산_서낙동강,서낙동강1,2013-03-05,9.5,16.7,4.5,7.6,18,4.162,0.072,7.6,276,17,0.017,2.343,0.003,2,Agriculture
부산_서낙동강,서낙동강2,2013-03-05,9.2,15.8,4.2,8,18.1,4.248,0.067,7.4,296,27,0.017,2.314,0.006,11,Agriculture
부산_서낙동강,서낙동강3,2013-03-05,8.2,12,4.4,11,17.5,20.103,0.099,9.7,717,490,8.308,2.238,0.003,490,Agriculture
부산_서낙동강,서낙동강4,2013-03-05,9,15.1,5,9,15.8,9.677,0.088,8.8,1000,34,3.509,2.287,0.003,22,Agriculture
부산_서낙동강,서낙동강1,2013-04-03,9.2,11.1,5.2,7.2,22.9,3.737,0.101,14.6,227,49,0.03,2.892,0.018,5,Agriculture
부산_서낙동강,서낙동강2,2013-04-03,9,10.4,3.1,6,16.7,3.878,0.09,13.8,227,130,0.068,2.539,0.011,33,Agriculture
부산_서낙동강,서낙동강3,2013-04-03,7.9,9.2,8,10.2,27.7,15.814,0.19,14,536,9200,10.498,1.605,0.011,2800,Agriculture
부산_서낙동강,서낙동강4,2013-04-03,8,10.3,7.8,9.2,29.7,7.758,0.133,13.6,760,490,4.313,1.603,0.012,170,Agriculture
부산_서낙동강,서낙동강1,2013-05-07,8.2,7.4,4.9,8.4,45.6,2.994,0.051,18.2,309,79,0.042,1.914,0.016,8,Agriculture
부산_서낙동강,서낙동강2,2013-05-07,9.1,8,5.3,7.8,13.9,3.153,0.059,19.4,375,700,0.014,1.946,0.017,130,Agriculture
부산_서낙동강,서낙동강3,2013-05-07,7.9,9.8,12.3,16,20.6,8.662,0.078,20.2,633,170,6.709,1.674,0.009,34,Agriculture
부산_서낙동강,서낙동강4,2013-05-07,8.5,9.9,8,11.8,23,6.841,0.086,19.4,1157,130,3.645,1.88,0.006,8,Agriculture
부산_서낙동강,서낙동강1,2013-06-04,8.6,11,2.7,7.4,10.6,2.644,0.07,25.3,261,280,0.208,1.847,0.017,70,Agriculture
부산_서낙동강,서낙동강2,2013-06-04,8.1,9.7,1.7,6.4,9.7,2.778,0.067,24.9,287,330,0.365,1.67,0.038,49,Agriculture
부산_서낙동강,서낙동강3,2013-06-04,7.4,6,4.1,9.5,14,3.926,0.097,24.4,519,280,1.876,1.137,0.028,40,Agriculture
부산_서낙동강,서낙동강4,2013-06-04,7.6,9.3,4.6,10.3,18.7,4.113,0.091,24.1,566,220,1.886,1.204,0.009,11,Agriculture
부산_서낙동강,서낙동강1,2013-07-01,9.4,11.3,2.6,7.8,11.1,2.292,0.041,27.4,247,230,0.144,0.163,0.006,13,Agriculture
부산_서낙동강,서낙동강2,2013-07-01,9.7,12.1,5.6,12.5,17.6,2.159,0.08,27.5,280,33,0.142,0.158,0.001,2,Agriculture
부산_서낙동강,서낙동강3,2013-07-01,7.5,7.6,5,12.3,16.8,3.574,0.097,27.1,553,460,1.334,0.121,0.005,240,Agriculture
부산_서낙동강,서낙동강4,2013-07-01,7.7,7.2,3.3,12.3,17,3.48,0.103,26.9,766,79,1.281,0.07,0.012,17,Agriculture
부산_서낙동강,서낙동강1,2013-08-12,9.2,11.9,4.7,11.4,17.7,2.167,0.076,30.1,318,33,0.098,0.987,0.008,13,Agriculture
부산_서낙동강,서낙동강2,2013-08-12,9.1,7.5,2.5,9.1,16.3,2.142,0.069,30.7,269,23,0.082,0.968,0.003,8,Agriculture
부산_서낙동강,서낙동강3,2013-08-12,8.3,9.9,3.6,12.7,20.4,2.325,0.114,30.7,531,700,0.043,1.05,0.005,110,Agriculture
부산_서낙동강,서낙동강4,2013-08-12,8.7,10,4.2,11.3,20.8,1.539,0.113,29.9,537,23,0.036,0.465,0.019,8,Agriculture
부산_서낙동강,서낙동강1,2013-09-03,7.4,6.5,2.5,7.8,15.2,1.307,0.068,26,280,330,0.328,0.273,0.02,33,Agriculture
부산_서낙동강,서낙동강2,2013-09-03,7.6,6.1,2.1,7.8,20.1,1.372,0.125,27,336,22,0.354,0.241,0.042,5,Agriculture
부산_서낙동강,서낙동강3,2013-09-03,7.7,5.1,2.5,10.3,20.4,3.465,0.079,25,593,170,0.383,0.573,0.02,21,Agriculture
부산_서낙동강,서낙동강4,2013-09-03,7.3,5.3,2.4,10.9,13.9,3.132,0.083,26.1,1183,33,1.347,0.656,0.032,33,Agriculture
부산_서낙동강,서낙동강1,2013-10-15,7.6,10.9,3,6.4,13.5,1.983,0.049,22.1,319,790,0.039,1.34,0.036,490,Agriculture
부산_서낙동강,서낙동강2,2013-10-15,7.6,10.1,2.6,8.4,19.3,1.613,0.054,21.3,352,330,0.071,0.987,0.025,330,Agriculture
부산_서낙동강,서낙동강3,2013-10-15,7.5,7.4,2.5,9.6,21.5,3.743,0.074,21.5,542,790,0.005,3.163,0.054,790,Agriculture
부산_서낙동강,서낙동강4,2013-10-15,7.6,9.4,3.9,8.7,17.6,2.425,0.062,21.2,690,490,0.109,1.641,0.042,240,Agriculture
부산_서낙동강,서낙동강1,2013-11-12,7.6,9.1,1.5,4.2,11.7,1.873,0.058,13.6,209,940,0.108,1.413,0.006,240,Agriculture
부산_서낙동강,서낙동강2,2013-11-12,7.8,9.1,1.3,5,19.5,1.929,0.091,12.6,219,27,0.193,1.371,0.024,22,Agriculture
부산_서낙동강,서낙동강3,2013-11-12,7.4,9.5,3.2,8.4,32.3,4.375,0.125,12.6,529,280,0.321,3.505,0.015,280,Agriculture
부산_서낙동강,서낙동강4,2013-11-12,7.7,10.6,5,8.6,22.6,4.072,0.07,11.4,1022,110,0.726,2.793,0.007,33,Agriculture
부산_서낙동강,서낙동강1,2013-12-06,8,11.9,2,5,12.4,2.142,0.029,8.5,315,240,0.046,1.746,0.008,8,Agriculture
부산_서낙동강,서낙동강2,2013-12-06,8.2,11.4,1.3,5.4,9.8,2.117,0.03,8.4,319,330,0.057,1.73,0.009,14,Agriculture
부산_서낙동강,서낙동강3,2013-12-06,8,10.1,3.7,9.4,30.6,7.484,0.065,10.2,858,460,2.701,1.312,0.001,460,Agriculture
부산_서낙동강,서낙동강4,2013-12-06,7.8,12.1,3.5,7.8,21.2,4.217,0.043,8.2,950,240,1.198,0.793,0.008,33,Agriculture
부산_서낙동강,서낙동강1,2014-01-14,8.1,14.3,3.7,6.4,4.9,2.999,0.026,3.2,352,33,0.027,1.139,0.008,13,Agriculture
부산_서낙동강,서낙동강2,2014-01-14,8.2,14.2,4.1,6.6,5.7,3.114,0.013,2.7,349,49,0.05,1.146,0.003,2,Agriculture
부산_서낙동강,서낙동강3,2014-01-14,7.9,8.9,4.7,10.4,11.6,24.575,0.525,5.4,792,340,8.647,1.865,0.035,40,Agriculture
부산_서낙동강,서낙동강4,2014-01-14,8.2,11.2,3.8,11,6.6,19.536,0.086,2.5,1072,170,6.384,1.861,0.01,13,Agriculture
부산_서낙동강,서낙동강1,2014-02-12,8.3,14.1,4.7,6.6,11.5,3.271,0.058,4.9,351,7,0.047,1.926,0.021,4,Agriculture
부산_서낙동강,서낙동강2,2014-02-12,8.2,13.4,4.7,6.4,9,3.305,0.047,4.9,387,8,0.139,1.971,0.015,2,Agriculture
부산_서낙동강,서낙동강3,2014-02-12,7.9,8.9,8.3,10.8,17,14.53,0.132,7,936,1300,5.803,4.005,0.074,1300,Agriculture
부산_서낙동강,서낙동강4,2014-02-12,8.4,12.7,4.4,8,8.2,7.262,0.09,5,802,33,1.586,2.831,0.05,5,Agriculture
부산_서낙동강,서낙동강1,2014-03-12,7.9,12.9,4,6.2,8.1,3.043,0.038,8.6,450,110,0.075,2.735,0.007,33,Agriculture
부산_서낙동강,서낙동강2,2014-03-12,7.9,12.4,3.1,6,7.8,2.696,0.035,8.3,460,49,0.031,2.325,0.01,13,Agriculture
부산_서낙동강,서낙동강3,2014-03-12,7.4,10.3,6.4,10.8,13.6,9.476,0.088,10.2,925,1300,3.857,4.646,0.02,350,Agriculture
부산_서낙동강,서낙동강4,2014-03-12,7.8,12.4,4.1,6.8,8.2,3.729,0.05,8.2,680,14,0.545,1.884,0.006,8,Agriculture
부산_서낙동강,서낙동강1,2014-04-09,8.8,14.2,6.8,8.2,11,4.059,0.078,16.6,489,240,0.09,3.115,0.014,49,Agriculture
부산_서낙동강,서낙동강2,2014-04-09,8.3,12.1,5.6,7,14.7,3.723,0.079,15.3,481,170,0.055,2.855,0.015,14,Agriculture
부산_서낙동강,서낙동강3,2014-04-09,8,13.5,7.2,10.9,19.1,8.124,0.081,18.3,760,1300,2.44,4.714,0.02,170,Agriculture
부산_서낙동강,서낙동강4,2014-04-09,8.4,12.3,6.1,7.6,15.8,5.396,0.102,15.9,875,22,0.998,3.544,0.027,2,Agriculture
부산_서낙동강,서낙동강1,2014-05-16,8.1,10.5,1.3,6,15.3,2.763,0.052,21.2,321,130,0.055,2.142,0.011,130,Agriculture
부산_서낙동강,서낙동강2,2014-05-16,8.2,11,1.4,6.6,17.9,2.625,0.058,21.7,327,110,0.026,2.147,0.017,49,Agriculture
부산_서낙동강,서낙동강3,2014-05-16,7.4,8.4,2.4,8.2,16.9,4.535,0.083,22.1,450,700,1.172,2.891,0.003,330,Agriculture
부산_서낙동강,서낙동강4,2014-05-16,7.4,8.9,4.9,9.2,36.2,3.553,0.099,20.4,698,790,0.952,1.83,0.003,170,Agriculture
부산_서낙동강,서낙동강1,2014-06-09,8,8.4,1.9,7.4,19.7,1.525,0.107,22.9,334,33,0.168,0.766,0.008,23,Agriculture
부산_서낙동강,서낙동강2,2014-06-09,8.1,9.2,2.7,8.2,15,1.593,0.112,23,422,22,0.047,0.903,0.014,22,Agriculture
부산_서낙동강,서낙동강3,2014-06-09,7.4,7.1,8.3,12.3,24.3,5.831,0.131,23.2,750,490,2.869,1.835,0.006,490,Agriculture
부산_서낙동강,서낙동강4,2014-06-09,7.5,9.5,9.2,13.4,24.7,5.228,0.151,22.8,1126,170,2.117,1.592,0.006,130,Agriculture
부산_서낙동강,서낙동강1,2014-07-11,8.1,9.8,5.6,12,15.3,1.602,0.092,27.9,692,3500,0.052,0.31,0.007,14,Agriculture
부산_서낙동강,서낙동강2,2014-07-11,8.8,11.6,8,14.7,23.1,1.773,0.151,27.3,649,280,0.013,0.35,0.012,32,Agriculture
부산_서낙동강,서낙동강3,2014-07-11,7.3,5.8,5.3,11.6,13.3,3.287,0.071,27,980,1700,0.886,1.58,0.02,1400,Agriculture
부산_서낙동강,서낙동강4,2014-07-11,7.5,6.2,6,12.4,13.7,2.55,0.088,26.6,1315,1400,0.895,0.73,0.021,1100,Agriculture
부산_서낙동강,서낙동강1,2014-08-07,7.6,6.8,2.9,8.3,11.9,1.414,0.156,27.7,287,16000,0.134,0.48,0.034,16000,Agriculture
부산_서낙동강,서낙동강2,2014-08-07,7.7,7.6,3.6,8.3,13.8,0.978,0.132,27.6,311,1700,0.198,0.38,0.042,1100,Agriculture
부산_서낙동강,서낙동강3,2014-08-07,7.4,4.5,1.1,6.8,16.4,1.512,0.135,26.4,377,9200,0.538,0.71,0.04,1100,Agriculture
부산_서낙동강,서낙동강4,2014-08-07,7.4,4.7,2.6,7,16.4,1.243,0.151,26.6,407,5400,0.486,0.42,0.052,220,Agriculture
부산_서낙동강,서낙동강1,2014-09-12,7.8,7.8,3,7,21.6,2.149,0.101,25,203,220,0.114,1.55,0.038,14,Agriculture
부산_서낙동강,서낙동강2,2014-09-12,7.7,5.9,2.5,6.6,22.1,2,0.082,25.7,216,27,0.245,1.29,0.042,4,Agriculture
부산_서낙동강,서낙동강3,2014-09-12,7.6,5.2,2.7,9.4,18.9,5.328,0.074,25.5,592,350,1.804,1.93,0.033,220,Agriculture
부산_서낙동강,서낙동강4,2014-09-12,7.7,5.7,3,9.1,23.7,3.413,0.111,25.5,752,40,0.884,1.07,0.035,4,Agriculture
부산_서낙동강,서낙동강1,2014-10-07,7.8,7.4,2,6.8,14.9,2.989,0.045,20.8,253,5400,0.009,0.99,0.021,230,Agriculture
부산_서낙동강,서낙동강2,2014-10-07,7.7,7.6,2,6.8,18.7,1.593,0.039,20.5,255,280,0.015,0.82,0.035,140,Agriculture
부산_서낙동강,서낙동강3,2014-10-07,7.6,8,4.1,9.4,24.6,4.825,0.036,20.3,520,1700,0.178,3.56,0.019,1700,Agriculture
부산_서낙동강,서낙동강4,2014-10-07,7.6,10.1,4.7,9.1,31.3,3.266,0.032,19.1,1067,3500,0.289,2.57,0.017,220,Agriculture
부산_서낙동강,서낙동강1,2014-11-11,8,11.8,2,5.2,18.3,2.651,0.081,15.8,207,490,0.044,1.91,0.015,17,Agriculture
부산_서낙동강,서낙동강2,2014-11-11,8.1,10.8,1.8,5.2,21.7,2.296,0.073,15.5,210,790,0.061,1.81,0.017,12,Agriculture
부산_서낙동강,서낙동강3,2014-11-11,7.7,8.9,5.6,9.4,16.8,6.429,0.085,15.7,566,16000,2.2,2.97,0.002,400,Agriculture
부산_서낙동강,서낙동강4,2014-11-11,7.7,9.9,6.5,9.1,23.3,3.519,0.119,14.3,467,940,0.586,2.04,0.013,49,Agriculture
부산_서낙동강,서낙동강1,2014-12-11,7.7,11.8,2.5,5.4,10.7,2.938,0.051,7.6,223,40,0.004,1.88,0.005,40,Agriculture
부산_서낙동강,서낙동강2,2014-12-11,7.5,12.2,2.6,5.8,12.6,2.809,0.058,7.6,222,39,0.012,2.28,0.007,33,Agriculture
부산_서낙동강,서낙동강3,2014-12-11,7.3,8.7,5.3,9.5,17.7,9.695,0.076,9.6,639,33,5.945,2.58,0.004,33,Agriculture
부산_서낙동강,서낙동강4,2014-12-11,7.2,10.2,6.7,9.7,26.5,7.88,0.104,7.1,815,2400,3.879,2.28,0.008,1700,Agriculture
부산_서낙동강,서낙동강1,2015-01-14,8.1,13.7,2.6,6.2,6.3,2.948,0.032,3.8,296,33,0.045,2.47,0.005,11,Agriculture
부산_서낙동강,서낙동강2,2015-01-14,8,13.4,3.1,6.2,8,2.911,0.04,3.4,301,280,0.098,2.48,0.005,27,Agriculture
부산_서낙동강,서낙동강3,2015-01-14,7.2,8.4,4.6,10.9,13.1,15.635,0.085,7.6,745,340,10.739,3.14,0.003,170,Agriculture
부산_서낙동강,서낙동강4,2015-01-14,8.1,14.3,3.5,7.8,6.8,3.691,0.041,3.3,448,2200,0.672,2.29,0.001,79,Agriculture
부산_서낙동강,서낙동강1,2015-02-11,8.4,14.4,1.9,4.8,5.2,2.741,0.021,4.4,361,33,0.04,2.407,0,2,Agriculture
부산_서낙동강,서낙동강2,2015-02-11,8.3,13.8,1.9,5,6.8,2.862,0.028,4.6,362,280,0.029,2.375,0.001,49,Agriculture
부산_서낙동강,서낙동강3,2015-02-11,7.6,11.2,3.4,10,12.8,11.808,0.074,6.6,872,4600,7.285,3.421,0.001,3100,Agriculture
부산_서낙동강,서낙동강4,2015-02-11,7.7,12.9,4.1,8.8,10.5,8.07,0.054,5,953,130,4.745,2.649,0.001,2,Agriculture
부산_서낙동강,서낙동강1,2015-03-23,8.3,13.3,1.4,5.4,13.3,3.054,0.055,11,285,790,0.073,2.57,0,110,Agriculture
부산_서낙동강,서낙동강2,2015-03-23,8.3,12.7,1.7,5.6,18.4,2.945,0.067,11,311,130,0.025,2.51,0.001,79,Agriculture
부산_서낙동강,서낙동강3,2015-03-23,7.5,8.5,2.5,7.4,29.2,7.05,0.112,13.1,475,1100,3.466,2.76,0.022,350,Agriculture
부산_서낙동강,서낙동강4,2015-03-23,7.4,8.4,3.4,7,46.5,5.095,0.152,12.7,608,490,2.056,2.51,0.041,140,Agriculture
부산_서낙동강,서낙동강1,2015-04-17,8.9,13.6,5.4,7.4,32.3,2.865,0.115,14.9,303,23,0.148,2.399,0.007,2,Agriculture
부산_서낙동강,서낙동강2,2015-04-17,9.3,13.5,7.5,9,6.8,2.518,0.135,17,365,33,0.42,1.657,0.011,5,Agriculture
부산_서낙동강,서낙동강3,2015-04-17,9.3,13.4,6.6,9.6,12.8,9.502,0.212,17,366,230,1.426,2.702,0.004,130,Agriculture
부산_서낙동강,서낙동강4,2015-04-17,7.9,11.7,6.4,9,10.5,4.24,0.106,17.3,601,110,1.02,2.507,0.001,23,Agriculture
부산_서낙동강,서낙동강1,2015-05-22,8.8,10.1,4,6.6,13.5,1.556,0.072,23.8,198,790,0.182,1.099,0.005,26,Agriculture
부산_서낙동강,서낙동강2,2015-05-22,8.4,10.1,3.2,7.4,16.5,1.859,0.1,22.6,249,220,0.087,1.208,0.014,17,Agriculture
부산_서낙동강,서낙동강3,2015-05-22,7.3,8.9,5.6,9.6,22,4.082,0.109,22.8,517,4900,1.347,2.049,0.004,1700,Agriculture
부산_서낙동강,서낙동강4,2015-05-22,7.5,9,6.3,9.6,17.8,4.103,0.095,22.2,643,1300,1.462,1.765,0.001,790,Agriculture
부산_서낙동강,서낙동강1,2015-06-10,9.1,12.2,4.9,9,17.9,1.423,0.072,26,226,350,0.007,0.69,0.001,280,Agriculture
부산_서낙동강,서낙동강2,2015-06-10,8.8,11.3,5.1,8.4,17.2,1.365,0.084,24.5,249,790,0.003,0.664,0.011,140,Agriculture
부산_서낙동강,서낙동강3,2015-06-10,7.9,8.2,4.2,13.4,14.3,3.166,0.1,25.9,578,1700,0.677,0.577,0.004,490,Agriculture
부산_서낙동강,서낙동강4,2015-06-10,8.2,13.4,11.9,16.7,28.8,3.415,0.132,25.5,791,330,0.094,0.683,0.005,33,Agriculture
부산_서낙동강,서낙동강1,2015-07-17,7.8,7.5,3.8,8.6,21.4,1.765,0.077,23.5,397,2200,0.396,0.876,0.008,490,Agriculture
부산_서낙동강,서낙동강2,2015-07-17,7.8,8.1,8.3,13.1,29.2,2.245,0.156,23.8,370,2800,0.177,0.639,0.023,170,Agriculture
부산_서낙동강,서낙동강3,2015-07-17,7.4,6.7,5.4,9,33.7,7.492,0.246,23.1,435,4900,0.861,1.59,0.016,4900,Agriculture
부산_서낙동강,서낙동강4,2015-07-17,7.4,7.4,5.7,8.4,39.7,3.642,0.126,22.3,714,2800,0.932,1.592,0.016,1700,Agriculture
부산_서낙동강,서낙동강1,2015-08-11,10.2,19.3,11.6,9.6,46,1.166,0.135,31.2,259,49,0.32,0,0.008,2,Agriculture
부산_서낙동강,서낙동강2,2015-08-11,10,14.5,6.9,16.5,29,0.914,0.154,31.3,249,8,0.252,0,0.085,2,Agriculture
부산_서낙동강,서낙동강3,2015-08-11,7.8,7.2,3,10,14.3,1.574,0.074,30.2,588,490,0.523,0.76,0.015,330,Agriculture
부산_서낙동강,서낙동강4,2015-08-11,7.7,8.8,4.9,12,22,1.347,0.074,30.5,740,170,0.426,0.551,0.016,26,Agriculture
부산_서낙동강,서낙동강1,2015-09-07,7.8,7.2,1.5,9,14.3,1.354,0.043,24.4,281,5400,0.14,0.739,0.003,280,Agriculture
부산_서낙동강,서낙동강2,2015-09-07,7.8,8.3,3.1,8.4,16.4,1.352,0.085,23.9,1339,9200,0.003,0.552,0.003,170,Agriculture
부산_서낙동강,서낙동강3,2015-09-07,7.3,4.5,4.9,13.4,20.4,2.949,0.069,23.6,564,7900,0.949,1.549,0.004,700,Agriculture
부산_서낙동강,서낙동강4,2015-09-07,7.3,6.1,4.2,16.7,19.1,2.992,0.068,23.3,1252,9200,1.095,1.143,0.005,790,Agriculture
부산_서낙동강,서낙동강1,2015-10-13,7.5,6.2,1.4,6.6,16.9,1.363,0.067,19.1,762,1700,0.223,0.67,0.014,13,Agriculture
부산_서낙동강,서낙동강2,2015-10-13,7.7,9,1.9,7,7.6,1.759,0.043,18.5,3368,790,0.376,0.753,0.004,17,Agriculture
부산_서낙동강,서낙동강3,2015-10-13,7.4,7.6,3.3,8,28.8,4.919,0.131,19.2,1049,3300,0.098,3.699,0.012,700,Agriculture
부산_서낙동강,서낙동강4,2015-10-13,7.7,9,3.5,7.8,25.1,3.369,0.095,18.3,3036,700,0.069,2.372,0.008,13,Agriculture
부산_서낙동강,서낙동강1,2015-11-19,7.7,10,1.2,6,14.6,1.463,0.076,14.8,327,1700,0.122,0.892,0,33,Agriculture
부산_서낙동강,서낙동강2,2015-11-19,7.6,9.2,1.7,5.8,17,1.718,0.082,14.8,353,3500,0.341,0.94,0.018,130,Agriculture
부산_서낙동강,서낙동강3,2015-11-19,7.5,7.3,3,7,23.4,3.779,0.106,15.7,772,4900,0.322,2.831,0.025,3300,Agriculture
부산_서낙동강,서낙동강4,2015-11-19,7.3,8.4,3.2,7.4,20.7,3.509,0.09,14.7,1008,2200,0.658,2.191,0.022,140,Agriculture
부산_서낙동강,서낙동강1,2015-12-03,7.7,10.5,1.6,9,8.5,2.218,0.044,10.4,390,460,0.034,1.715,0.016,230,Agriculture
부산_서낙동강,서낙동강2,2015-12-03,7.5,10.2,1.3,8.4,8.6,2.233,0.058,10.8,387,490,0.003,1.658,0.012,33,Agriculture
부산_서낙동강,서낙동강3,2015-12-03,7.3,8.6,4.3,13.4,21.1,4.999,0.092,11.3,826,3300,0.346,4.043,0.027,240,Agriculture
부산_서낙동강,서낙동강4,2015-12-03,7.3,10.3,4.7,16.7,18.3,3.72,0.073,9.5,1119,2400,0.571,2.623,0.017,79,Agriculture
부산_서낙동강,서낙동강1,2016-01-22,7.9,14.3,4.4,5.8,3.5,2.378,0.027,1.5,418,26,0.032,1.767,0.004,2,Agriculture
부산_서낙동강,서낙동강2,2016-01-22,7.7,14.5,4.2,5.8,8.1,2.281,0.029,1.1,434,70,0.038,1.855,0.008,23,Agriculture
부산_서낙동강,서낙동강3,2016-01-22,7.4,11,4.2,8.8,10.9,10.564,0.097,3.1,933,4900,4.134,5.665,0.005,330,Agriculture
부산_서낙동강,서낙동강4,2016-01-22,7.6,14.4,5,7.4,8.9,4.252,0.045,0.4,1086,49,0.833,2.992,0.009,13,Agriculture
부산_서낙동강,서낙동강1,2016-02-22,7.9,13.9,2.4,5,18.3,3.787,0.08,6.1,454,110,0.113,2.624,0.005,17,Agriculture
부산_서낙동강,서낙동강2,2016-02-22,7.8,12.8,3.6,6.6,15.7,3.085,0.051,7.3,497,17,0.027,2.418,0.004,2,Agriculture
부산_서낙동강,서낙동강3,2016-02-22,7.4,10.4,3,6.2,18,8.447,0.066,8.9,717,1700,3.715,4.104,0.011,78,Agriculture
부산_서낙동강,서낙동강4,2016-02-22,7.7,11,2.6,6.8,14.8,8.073,0.045,8.4,920,790,3.672,3.876,0.008,7,Agriculture
부산_서낙동강,서낙동강1,2016-03-14,7.3,10.7,2.7,5.9,14.7,3.971,0.075,10.4,347,170,0.262,2.767,0.04,23,Agriculture
부산_서낙동강,서낙동강2,2016-03-14,7.6,10.7,2.5,5.9,18.2,4.041,0.115,10.2,376,920,1.074,2.596,0.096,17,Agriculture
부산_서낙동강,서낙동강3,2016-03-14,7.3,9.8,4.5,7.3,27.6,6.722,0.091,10.9,626,790,2.571,3.253,0.019,230,Agriculture
부산_서낙동강,서낙동강4,2016-03-14,7.5,11.5,4.8,8.1,29,6.012,0.082,10.3,869,5400,1.631,2.689,0.005,1100,Agriculture
부산_서낙동강,서낙동강1,2016-04-05,8.4,11.5,6.5,7.8,13.2,2.826,0.086,15.5,351,49,0.203,1.606,0.011,5,Agriculture
부산_서낙동강,서낙동강2,2016-04-05,8.4,9.8,7.1,7.6,15.9,2.716,0.073,16.1,371,110,0.175,1.467,0.017,33,Agriculture
부산_서낙동강,서낙동강3,2016-04-05,7,8.5,4.3,8,16.1,6.847,0.065,18,798,7000,2.495,2.803,0.011,2200,Agriculture
부산_서낙동강,서낙동강4,2016-04-05,7.2,9.2,5.5,8.8,12.6,5.207,0.057,17.2,997,490,0.86,2.459,0.004,49,Agriculture
부산_서낙동강,서낙동강1,2016-05-12,8.3,11.1,2.6,5.8,11.3,1.8,0.022,20.8,224,350,0,1.706,0,33,Agriculture
부산_서낙동강,서낙동강2,2016-05-12,7.7,9.2,2.7,5.2,15.8,2.044,0.071,20.4,248,46,0.051,1.802,0,23,Agriculture
부산_서낙동강,서낙동강3,2016-05-12,7,7.3,3.8,6.9,16.4,3.54,0.078,20,248,2400,0.497,2.006,0.005,490,Agriculture
부산_서낙동강,서낙동강4,2016-05-12,7.2,8.7,3.7,6.9,18.1,3.269,0.074,20.3,483,920,0.541,1.889,0,350,Agriculture
부산_서낙동강,서낙동강1,2016-06-15,7.6,8.8,2.9,7.8,9.1,1.17,0.044,25.1,260,3500,0.065,0.582,0,5,Agriculture
부산_서낙동강,서낙동강2,2016-06-15,8.5,9.3,3.4,8.4,20.1,1.071,0.062,24.8,292,1100,0.053,0.531,0.037,5,Agriculture
부산_서낙동강,서낙동강3,2016-06-15,8.1,7.1,5.1,12.9,19.7,3.532,0.086,24.9,928,3300,0.319,1.958,0.039,220,Agriculture
부산_서낙동강,서낙동강4,2016-06-15,7.9,9.3,6.6,12,27.3,3.652,0.096,25.1,801,280,0.271,2.32,0,11,Agriculture
부산_서낙동강,서낙동강1,2016-07-14,8.5,14.3,8,7.8,32.5,2.052,0.16,29.3,312,490,0.021,0.855,0.021,49,Agriculture
부산_서낙동강,서낙동강2,2016-07-14,9.1,13.4,7.8,7.8,27.9,1.547,0.116,29.8,263,170,0.031,0.509,0.003,79,Agriculture
부산_서낙동강,서낙동강3,2016-07-14,7.9,10.8,8,12,23.4,4.289,0.138,29.6,560,2400,0.035,2.972,0.003,1300,Agriculture
부산_서낙동강,서낙동강4,2016-07-14,8.3,9.7,6,12.3,18.6,2.277,0.097,29.5,651,1700,0.176,1.252,0.003,140,Agriculture
부산_서낙동강,서낙동강2,2016-08-08,9.2,11.8,6.6,12.6,12.5,1.934,0.063,34,219,1600,0.05,0.92,0,2,Agriculture
부산_서낙동강,서낙동강3,2016-08-08,8.8,10.5,8,11.8,18.5,3.148,0.1,32.5,633,490,0.09,1.486,0,20,Agriculture
부산_서낙동강,서낙동강4,2016-08-08,9.4,12.8,10.2,19.7,34.3,1.77,0.134,32.9,574,540,0.08,0.355,0.003,2,Agriculture
부산_서낙동강,서낙동강1,2016-08-11,7.8,11.4,10.6,18.1,18.1,1.517,0.061,31.5,217,1300,0.042,0.687,0,110,Agriculture
부산_서낙동강,서낙동강1,2016-09-06,8.3,12.9,4.6,9.4,9.6,1.854,0.1,26,272,330,0.086,1.27,0.024,170,Agriculture
부산_서낙동강,서낙동강2,2016-09-06,8.2,11.5,4.2,8.6,13.9,1.794,0.132,26.4,242,5400,0.077,1.139,0.044,540,Agriculture
부산_서낙동강,서낙동강3,2016-09-06,7.4,5.6,1.8,6,11.7,3.819,0.088,25.5,415,35000,0.419,2.903,0.049,2800,Agriculture
부산_서낙동강,서낙동강4,2016-09-06,7.7,6.1,1.5,6,11.9,3.59,0.078,25.7,424,3500,0.284,2.556,0.048,1600,Agriculture
부산_서낙동강,서낙동강1,2016-10-11,7.2,8.5,2.2,7.2,18.8,3.135,0.159,19.5,240,9400,0.418,2.133,0.075,1700,Agriculture
부산_서낙동강,서낙동강2,2016-10-11,7.4,8.5,2.5,6.8,20.5,2.728,0.113,19.7,230,2100,0.391,1.826,0.061,220,Agriculture
부산_서낙동강,서낙동강3,2016-10-11,7.7,8.3,1.2,5.2,32.7,4.64,0.081,18.9,397,4900,0.187,3.813,0.022,2300,Agriculture
부산_서낙동강,서낙동강4,2016-10-11,7.5,8.4,1.4,4.8,27.5,3.651,0.074,18.9,627,11000,0.442,2.701,0.021,1100,Agriculture
부산_서낙동강,서낙동강1,2016-11-09,7.1,8.7,1.4,6.6,27.8,2.276,0.076,13.8,223,790,0.693,1.494,0.009,22,Agriculture
부산_서낙동강,서낙동강2,2016-11-09,7.2,8.6,1.1,5.6,30.6,2.592,0.105,13.3,234,790,0.162,1.685,0.013,14,Agriculture
부산_서낙동강,서낙동강3,2016-11-09,7.5,9.9,2.5,7,23.6,7.58,0.089,14.1,734,790,0.129,4.898,0.013,330,Agriculture
부산_서낙동강,서낙동강4,2016-11-09,7.7,10.2,2.3,6.4,35.2,3.634,0.106,13.1,620,170,0.227,2.194,0.012,27,Agriculture
부산_서낙동강,서낙동강1,2016-12-06,7.2,8.9,1.5,5.2,5.7,2.813,0.038,8.8,287,490,0.072,1.872,0.028,130,Agriculture
부산_서낙동강,서낙동강2,2016-12-06,7.8,10.7,1.3,5,8.8,2.722,0.041,9.4,303,79,0.134,1.86,0.023,11,Agriculture
부산_서낙동강,서낙동강3,2016-12-06,7.8,10.9,3.7,7.6,19.2,7.149,0.053,10.6,813,470,0.228,5.583,0.026,390,Agriculture
부산_서낙동강,서낙동강4,2016-12-06,8.2,11.7,4,7.4,13.3,5.882,0.04,9.1,1325,140,0.144,4.307,0.014,140,Agriculture
부산_서낙동강,서낙동강1,2017-01-10,8.2,15.1,3.6,7,12.8,4.044,0.066,6.9,345,130,0.523,2.566,0.016,2,Agriculture
부산_서낙동강,서낙동강2,2017-01-10,7.7,12,1.9,5.8,16.3,4.195,0.058,7.2,380,110,0.571,2.785,0.018,8,Agriculture
부산_서낙동강,서낙동강3,2017-01-10,7.6,10.3,3.3,7.6,17.3,8.149,0.084,9.8,695,9200,1.008,6.14,0.029,250,Agriculture
부산_서낙동강,서낙동강4,2017-01-10,7.7,11.1,2.8,8,19.6,6.738,0.087,8.4,1003,1300,1.195,4.211,0.019,45,Agriculture
부산_서낙동강,서낙동강1,2017-02-08,9,16,4.6,8.4,12.8,3.074,0.059,5.3,446,11,0.079,2.54,0.003,0,Agriculture
부산_서낙동강,서낙동강2,2017-02-08,8.7,13.5,4.6,9,14,2.563,0.054,5.8,439,22,0.077,2.226,0.003,8,Agriculture
부산_서낙동강,서낙동강3,2017-02-08,8.1,11.4,5,9.6,13.8,8.864,0.086,9,870,1100,1.486,6.741,0.005,1100,Agriculture
부산_서낙동강,서낙동강4,2017-02-08,8.5,12.9,4.9,9.4,17.8,5.211,0.1,7.2,877,110,0.49,4.453,0.004,0,Agriculture
부산_서낙동강,서낙동강1,2017-03-07,8.3,13.3,4.5,7.2,10.5,3.07,0.056,9.1,424,17,0.023,2.552,0.005,0,Agriculture
부산_서낙동강,서낙동강2,2017-03-07,8.6,11.8,4.5,7.6,15.4,3.21,0.078,8.9,466,70,0.041,2.364,0.002,21,Agriculture
부산_서낙동강,서낙동강3,2017-03-07,8.6,10.6,4.2,8.5,25.4,7.234,0.09,10.6,4368,2400,0.555,5.806,0.008,340,Agriculture
부산_서낙동강,서낙동강4,2017-03-07,8.4,12.2,6,9.6,24,4.124,0.118,9.2,961,78,0.206,2.963,0.003,20,Agriculture
부산_서낙동강,서낙동강1,2017-04-04,8.7,13.7,4.7,6.7,10.9,3.309,0.051,13.7,458,540,0.152,2.777,0.042,13,Agriculture
부산_서낙동강,서낙동강2,2017-04-04,8.9,13.7,4.9,7.9,10.9,3.359,0.054,13,459,170,0.182,2.843,0.045,5,Agriculture
부산_서낙동강,서낙동강3,2017-04-04,7.8,11.2,5.7,8.9,10.1,6.544,0.063,15.4,908,490,0.324,5.745,0.044,490,Agriculture
부산_서낙동강,서낙동강4,2017-04-04,8.8,15.5,6.6,8.9,19.6,4.068,0.075,14.6,847,130,0.122,3.638,0.043,0,Agriculture
부산_서낙동강,서낙동강1,2017-05-12,7.9,8.7,2.5,5.6,6.9,3.954,0.03,19.1,406,8,0.528,1.954,0.025,0,Agriculture
부산_서낙동강,서낙동강2,2017-05-12,7.9,8.4,2.6,6.3,6.8,4.199,0.047,19.3,410,7,0.51,1.845,0.027,0,Agriculture
부산_서낙동강,서낙동강3,2017-05-12,7.7,8.1,4.2,9.4,19.9,4.224,0.078,19.7,728,330,0.6,2.081,0.023,40,Agriculture
부산_서낙동강,서낙동강4,2017-05-12,7.8,9,3.6,8.5,21.4,3.794,0.091,19.3,643,0,0.444,2.082,0.045,0,Agriculture
부산_서낙동강,서낙동강1,2017-06-05,8.1,8.6,3.2,8.7,13.1,1.575,0.071,22.9,412,48,0.174,0.884,0.006,17,Agriculture
부산_서낙동강,서낙동강2,2017-06-05,9.1,11.5,5,9.7,11.8,1.457,0.066,23.4,430,240,0.119,0.745,0.004,8,Agriculture
부산_서낙동강,서낙동강3,2017-06-05,8.1,10.8,5.8,13.8,22,3.711,0.096,24.8,858,1700,0.12,2.503,0,20,Agriculture
부산_서낙동강,서낙동강4,2017-06-05,5.2,10.4,5.4,13.1,19.5,2.722,0.048,24.2,1145,1100,0.095,1.829,0,330,Agriculture
부산_서낙동강,서낙동강1,2017-07-12,8.5,12.5,9.5,13.8,30.7,1.295,0.163,28.1,404,920,0.061,0.411,0.009,11,Agriculture
부산_서낙동강,서낙동강2,2017-07-12,8.6,10.8,5.2,11.6,26.3,0.992,0.18,28.3,399,540,0.063,0.093,0.061,7,Agriculture
부산_서낙동강,서낙동강3,2017-07-12,7.8,9.2,4.7,10.8,18.5,4.429,0.19,28.2,804,3500,0.32,2.815,0.025,78,Agriculture
부산_서낙동강,서낙동강4,2017-07-12,8.7,13.4,8,14.1,31.8,2.11,0.174,28.3,660,220,0.011,1.149,0.025,45,Agriculture
부산_서낙동강,서낙동강1,2017-08-08,8.1,9.4,7.2,12.6,17.9,0.778,0.104,29.9,361,2400,0.081,0.005,0.007,79,Agriculture
부산_서낙동강,서낙동강2,2017-08-08,8.6,9.4,6.6,11.7,13.1,0.719,0.13,30.8,496,330,0.021,0.004,0.057,23,Agriculture
부산_서낙동강,서낙동강3,2017-08-08,7.6,7.3,5,11.4,19.1,2.311,0.124,30.2,745,700,0.12,1.267,0.037,20,Agriculture
부산_서낙동강,서낙동강4,2017-08-08,8,7.7,4.5,10.8,21,1.797,0.204,29.8,988,260,0.185,0.602,0.059,0,Agriculture
부산_서낙동강,서낙동강1,2017-09-14,7.1,7.9,3.1,8.2,14.2,3.639,0.211,23,255,9200,0.173,1.809,0.044,1100,Agriculture
부산_서낙동강,서낙동강2,2017-09-14,7.4,7.1,2.6,6.6,12,2.364,0.156,23,227,1300,0.293,1.629,0.086,1300,Agriculture
부산_서낙동강,서낙동강3,2017-09-14,7.3,5.4,1.8,6.4,17.1,4.233,0.125,22.4,487,13000,0.205,3.687,0.046,13000,Agriculture
부산_서낙동강,서낙동강4,2017-09-14,7.4,6.5,2.2,6.2,18.7,3.054,0.123,22.6,472,24000,0.254,2.344,0.036,13000,Agriculture
부산_서낙동강,서낙동강1,2017-10-11,7.5,9.3,2.2,6.8,5.8,1.916,0.067,21.9,335,790,0.731,0.858,0.008,170,Agriculture
부산_서낙동강,서낙동강2,2017-10-11,7.6,9.9,2.3,7,5.4,1.373,0.067,22,331,490,0.296,0.855,0.003,490,Agriculture
부산_서낙동강,서낙동강3,2017-10-11,7.5,11.7,4.2,8,13.7,6.469,0.098,23.1,763,1700,0.237,5.656,0.004,790,Agriculture
부산_서낙동강,서낙동강4,2017-10-11,7.6,12,4.7,8.2,20.2,4.63,0.095,22.6,774,140,0.268,3.108,0.003,33,Agriculture
부산_서낙동강,서낙동강1,2017-11-01,7.5,7,1.9,6,16.5,2.839,0.045,14.1,352,34,0.55,1.038,0.015,17,Agriculture
부산_서낙동강,서낙동강2,2017-11-01,7.7,8.1,2.4,6.4,17.6,3.043,0.045,13.8,408,70,0.763,1.079,0.015,46,Agriculture
부산_서낙동강,서낙동강3,2017-11-01,7.8,9.1,2.6,7.6,23.3,9.526,0.069,14.5,822,3300,0.102,7.493,0.008,790,Agriculture
부산_서낙동강,서낙동강4,2017-11-01,8,12.8,4.6,9.8,23.3,5.05,0.058,13.4,1193,1100,0.524,3.352,0.003,140,Agriculture
부산_서낙동강,서낙동강1,2017-12-06,7.9,11.3,1.3,5.6,8.2,3.033,0.236,7.4,380,230,0.174,1.099,0.072,27,Agriculture
부산_서낙동강,서낙동강2,2017-12-06,7.9,11.3,1,5.6,6.8,1.776,0.073,7.2,374,170,0.156,1.061,0.056,11,Agriculture
부산_서낙동강,서낙동강3,2017-12-06,7.5,11,2.5,8,16.4,6.8,0.097,8,892,1100,0.19,5.392,0.028,1100,Agriculture
부산_서낙동강,서낙동강4,2017-12-06,7.9,12,1.5,5.6,9.5,2.285,0.05,6.7,694,280,0.188,1.604,0.02,23,Agriculture
부산_서낙동강,서낙동강1,2018-01-19,8,14.6,2.4,5.6,4.4,3.111,0.093,3.6,528,33,0.061,2.176,0.01,33,Agriculture
부산_서낙동강,서낙동강2,2018-01-19,8.1,14.3,2.5,5.4,5.7,3.172,0.082,4,534,49,0.074,2.19,0.011,49,Agriculture
부산_서낙동강,서낙동강3,2018-01-19,7.4,11.5,4.8,9.4,23.8,7.754,0.181,8.1,916,790,1.766,4.498,0.009,790,Agriculture
부산_서낙동강,서낙동강4,2018-01-19,7.6,11.3,4.1,9.2,25.6,7.936,0.168,7.3,1064,170,1.902,4.744,0.006,34,Agriculture
부산_서낙동강,서낙동강1,2018-02-07,8.7,16.1,3.4,5.8,5.9,3.024,0.034,1.7,540,79,0.039,2.276,0.003,5,Agriculture
부산_서낙동강,서낙동강2,2018-02-07,8.6,15,3.5,6,6.4,3.019,0.033,1.7,534,33,0.038,2.369,0.003,17,Agriculture
부산_서낙동강,서낙동강3,2018-02-07,7.6,12,3.4,8.6,10.5,10.509,0.056,2.7,921,2400,3.133,5.617,0.004,130,Agriculture
부산_서낙동강,서낙동강4,2018-02-07,7.7,13.1,3.1,7.8,8.4,7.135,0.041,2.3,885,130,1.872,4.18,0.004,49,Agriculture
부산_서낙동강,서낙동강1,2018-03-13,8.4,14.3,6.8,9.2,15.9,3.298,0.087,11.3,490,130,0.176,2.539,0.065,8,Agriculture
부산_서낙동강,서낙동강2,2018-03-13,8.6,15,7.8,9.2,18.7,4.31,0.092,11.2,515,49,0.072,2.159,0.073,4,Agriculture
부산_서낙동강,서낙동강3,2018-03-13,8,6.8,2.5,6.8,19.5,9.321,0.07,14.6,619,3300,3.734,3.81,0.039,3300,Agriculture
부산_서낙동강,서낙동강4,2018-03-13,8.2,8.3,2.2,6.4,18.9,5.132,0.066,12.5,622,330,1.545,2.765,0.033,240,Agriculture
부산_서낙동강,서낙동강1,2018-04-10,8.6,13,4.8,7,11.9,2.844,0.043,14.4,352,140,0.048,2.45,0.019,46,Agriculture
부산_서낙동강,서낙동강2,2018-04-10,8.3,11.8,4.3,6.6,14.4,3.119,0.058,14.3,365,130,0.045,2.604,0.014,13,Agriculture
부산_서낙동강,서낙동강3,2018-04-10,7.4,8.6,5,7.8,17.7,4.273,0.057,16.2,750,1100,1.298,2.55,0.025,920,Agriculture
부산_서낙동강,서낙동강4,2018-04-10,7.6,10,6,7.8,17.2,3.278,0.06,16,803,1700,0.69,1.983,0.02,70,Agriculture
부산_서낙동강,서낙동강1,2018-05-11,8.7,11.9,6.2,8,11.1,2.405,0.056,20.2,362,2400,0.056,1.782,0.02,170,Agriculture
부산_서낙동강,서낙동강2,2018-05-11,8.7,9.8,3.6,6.8,11.4,2.57,0.05,19,354,920,0.11,1.982,0.014,17,Agriculture
부산_서낙동강,서낙동강3,2018-05-11,7.1,7,4,7.4,20.3,3.048,0.123,19.8,578,5400,0.44,1.893,0.032,540,Agriculture
부산_서낙동강,서낙동강4,2018-05-11,7.4,8,4.4,6.8,21.1,2.579,0.084,20.2,573,940,0.466,1.558,0.016,170,Agriculture
부산_서낙동강,서낙동강1,2018-06-14,7.7,10.9,3,6.6,27.4,2.166,0.065,23.5,283,1600,0.204,1.489,0.017,920,Agriculture
부산_서낙동강,서낙동강2,2018-06-14,7.9,12.6,3.7,8,27.9,1.585,0.081,23.7,323,540,0.116,1.054,0.012,70,Agriculture
부산_서낙동강,서낙동강3,2018-06-14,7.1,8,4.5,10.9,23.1,2.998,0.139,24.1,780,1400,0.64,1.351,0.03,460,Agriculture
부산_서낙동강,서낙동강4,2018-06-14,7.8,13.5,6,12.9,29.3,1.737,0.119,23.8,749,140,0.199,0.598,0.031,14,Agriculture
부산_서낙동강,서낙동강1,2018-07-12,7.4,10.1,5.8,9.8,58.8,2.731,0.032,25.8,292,1600,0.014,1.963,0.01,540,Agriculture
부산_서낙동강,서낙동강2,2018-07-12,9,13.7,6.4,10.5,16.6,1.982,0.015,28.6,314,350,0.011,1.269,0.002,350,Agriculture
부산_서낙동강,서낙동강3,2018-07-12,8,13.8,7.1,9.8,21.9,3.639,0.052,28.1,552,920,0.133,2.685,0.017,350,Agriculture
부산_서낙동강,서낙동강4,2018-07-12,8.6,14.9,7.2,10.3,18.8,3.198,0.025,29.3,614,700,0.142,2.249,0.004,460,Agriculture
부산_서낙동강,서낙동강1,2018-08-14,9.1,10.4,3.9,11.7,26.8,1.175,0.047,32.6,266,920,0.018,0.586,0.016,110,Agriculture
부산_서낙동강,서낙동강2,2018-08-14,8.6,11.2,6.9,14.3,29.7,1.045,0.102,32.7,346,140,0.015,0.083,0.011,49,Agriculture
부산_서낙동강,서낙동강3,2018-08-14,7,7.7,5.1,11.3,11.6,2.295,0.05,31.6,807,920,0.083,1.49,0.022,170,Agriculture
부산_서낙동강,서낙동강4,2018-08-14,7.8,9.9,8,14.7,21.9,1.549,0.106,32.3,932,170,0.019,0.348,0.016,79,Agriculture
부산_서낙동강,서낙동강1,2018-09-13,7.1,8,2.6,7,10.9,2.68,0.076,23.1,141,7900,0.037,1.845,0.044,70,Agriculture
부산_서낙동강,서낙동강2,2018-09-13,7.2,7.6,2.2,7.2,16,2.561,0.085,23,174,2400,0.06,1.75,0.029,48,Agriculture
부산_서낙동강,서낙동강3,2018-09-13,7.2,7.4,3.6,8.4,15.4,3.036,0.064,23.1,582,3300,0.053,1.854,0.006,350,Agriculture
부산_서낙동강,서낙동강4,2018-09-13,7.3,8.9,4.3,7.4,18,3.127,0.101,22.6,590,1600,0.034,2.184,0.009,34,Agriculture
부산_서낙동강,서낙동강1,2018-10-11,7.2,8,1.5,6.2,26.1,2.415,0.202,18.4,150,3300,0.131,1.802,0.066,48,Agriculture
부산_서낙동강,서낙동강2,2018-10-11,7,7.2,1.6,7,31.7,2.701,0.204,18.6,186,4900,0.196,1.943,0.082,47,Agriculture
부산_서낙동강,서낙동강3,2018-10-11,7.2,7.2,1,5.4,26.6,4.056,0.158,17.8,432,4900,0.155,3.238,0.039,40,Agriculture
부산_서낙동강,서낙동강4,2018-10-11,7.2,7.2,1.4,5.4,29.2,3.202,0.144,17.9,456,13000,0.196,2.481,0.038,34,Agriculture
부산_서낙동강,서낙동강1,2018-11-08,7.3,10.4,3,7,16.7,2.291,0.027,15.6,204,540,0.01,1.714,0.009,7,Agriculture
부산_서낙동강,서낙동강2,2018-11-08,7.3,10.3,3.5,7.6,22.9,2.118,0.073,15.4,264,1100,0.043,1.543,0.006,11,Agriculture
부산_서낙동강,서낙동강3,2018-11-08,7,7.3,2.6,7.6,28.3,5.343,0.092,17.3,703,2400,0.038,4.571,0.021,20,Agriculture
부산_서낙동강,서낙동강4,2018-11-08,7,8.4,6.1,9.2,27.5,5.002,0.118,16.2,1443,920,0.088,3.693,0.009,140,Agriculture
부산_서낙동강,서낙동강1,2018-12-07,7.8,9.8,2.4,5.8,5.8,2.881,0.048,8.7,338,540,0.184,2.216,0.02,26,Agriculture
부산_서낙동강,서낙동강2,2018-12-07,7.6,9.5,1.6,6.4,26.1,2.637,0.105,9.2,295,3300,0.217,1.817,0.03,70,Agriculture
부산_서낙동강,서낙동강3,2018-12-07,7.4,8.4,2.8,7.8,26.9,5.215,0.129,10.1,945,1700,0.222,4.761,0.022,47,Agriculture
부산_서낙동강,서낙동강4,2018-12-07,7.5,10.3,3,7.6,23.6,4.208,0.123,9,1265,3300,0.279,3.021,0.021,27,Agriculture
